game_id,move_no,move_no_pair,player,notation,move,from_square,to_square,piece,color,fen,is_check,is_check_mate,is_fifty_moves,is_fivefold_repetition,is_game_over,is_insufficient_material,white_count,black_count,white_pawn_count,black_pawn_count,white_queen_count,black_queen_count,white_bishop_count,black_bishop_count,white_knight_count,black_knight_count,white_rook_count,black_rook_count,captured_score_for_white,captured_score_for_black,move_sequence
86e0b7f5-7b94-4ae3-97c8-317371622795,1,1,jhon,e4,e2e4,e2,e4,P,White,rnbqkbnr/pppppppp/8/8/4P3/8/PPPP1PPP/RNBQKBNR,0,0,0,0,0,1,16,16,8,8,1,1,2,2,2,2,2,2,0,0,e4
86e0b7f5-7b94-4ae3-97c8-317371622795,2,1,max,e5,e7e5,e7,e5,P,Black,rnbqkbnr/pppp1ppp/8/4p3/4P3/8/PPPP1PPP/RNBQKBNR,0,0,0,0,0,1,16,16,8,8,1,1,2,2,2,2,2,2,0,0,e4|e5
86e0b7f5-7b94-4ae3-97c8-317371622795,3,2,jhon,Nf3,g1f3,g1,f3,N,White,rnbqkbnr/pppp1ppp/8/4p3/4P3/5N2/PPPP1PPP/RNBQKB1R,0,0,0,0,0,1,16,16,8,8,1,1,2,2,2,2,2,2,0,0,e4|e5|Nf3
86e0b7f5-7b94-4ae3-97c8-317371622795,4,2,max,Nc6,b8c6,b8,c6,N,Black,r1bqkbnr/pppp1ppp/2n5/4p3/4P3/5N2/PPPP1PPP/RNBQKB1R,0,0,0,0,0,1,16,16,8,8,1,1,2,2,2,2,2,2,0,0,e4|e5|Nf3|Nc6
86e0b7f5-7b94-4ae3-97c8-317371622795,5,3,jhon,Bb5,f1b5,f1,b5,B,White,r1bqkbnr/pppp1ppp/2n5/1B2p3/4P3/5N2/PPPP1PPP/RNBQK2R,0,0,0,0,0,1,16,16,8,8,1,1,2,2,2,2,2,2,0,0,e4|e5|Nf3|Nc6|Bb5
86e0b7f5-7b94-4ae3-97c8-317371622795,6,3,max,a6,a7a6,a7,a6,P,Black,r1bqkbnr/1ppp1ppp/p1n5/1B2p3/4P3/5N2/PPPP1PPP/RNBQK2R,0,0,0,0,0,1,16,16,8,8,1,1,2,2,2,2,2,2,0,0,e4|e5|Nf3|Nc6|Bb5|a6
86e0b7f5-7b94-4ae3-97c8-317371622795,7,4,jhon,Ba4,b5a4,b5,a4,B,White,r1bqkbnr/1ppp1ppp/p1n5/4p3/B3P3/5N2/PPPP1PPP/RNBQK2R,0,0,0,0,0,1,16,16,8,8,1,1,2,2,2,2,2,2,0,0,e4|e5|Nf3|Nc6|Bb5|a6|Ba4
86e0b7f5-7b94-4ae3-97c8-317371622795,8,4,max,Nf6,g8f6,g8,f6,N,Black,r1bqkb1r/1ppp1ppp/p1n2n2/4p3/B3P3/5N2/PPPP1PPP/RNBQK2R,0,0,0,0,0,1,16,16,8,8,1,1,2,2,2,2,2,2,0,0,e4|e5|Nf3|Nc6|Bb5|a6|Ba4|Nf6
86e0b7f5-7b94-4ae3-97c8-317371622795,9,5,jhon,O-O,e1g1,e1,g1,K,White,r1bqkb1r/1ppp1ppp/p1n2n2/4p3/B3P3/5N2/PPPP1PPP/RNBQ1RK1,0,0,0,0,0,1,16,16,8,8,1,1,2,2,2,2,2,2,0,0,e4|e5|Nf3|Nc6|Bb5|a6|Ba4|Nf6|O-O
86e0b7f5-7b94-4ae3-97c8-317371622795,10,5,max,Be7,f8e7,f8,e7,B,Black,r1bqk2r/1pppbppp/p1n2n2/4p3/B3P3/5N2/PPPP1PPP/RNBQ1RK1,0,0,0,0,0,1,16,16,8,8,1,1,2,2,2,2,2,2,0,0,e4|e5|Nf3|Nc6|Bb5|a6|Ba4|Nf6|O-O|Be7
86e0b7f5-7b94-4ae3-97c8-317371622795,11,6,jhon,Re1,f1e1,f1,e1,R,White,r1bqk2r/1pppbppp/p1n2n2/4p3/B3P3/5N2/PPPP1PPP/RNBQR1K1,0,0,0,0,0,1,16,16,8,8,1,1,2,2,2,2,2,2,0,0,e4|e5|Nf3|Nc6|Bb5|a6|Ba4|Nf6|O-O|Be7|Re1
86e0b7f5-7b94-4ae3-97c8-317371622795,12,6,max,b5,b7b5,b7,b5,P,Black,r1bqk2r/2ppbppp/p1n2n2/1p2p3/B3P3/5N2/PPPP1PPP/RNBQR1K1,0,0,0,0,0,1,16,16,8,8,1,1,2,2,2,2,2,2,0,0,e4|e5|Nf3|Nc6|Bb5|a6|Ba4|Nf6|O-O|Be7|Re1|b5
86e0b7f5-7b94-4ae3-97c8-317371622795,13,7,jhon,Bb3,a4b3,a4,b3,B,White,r1bqk2r/2ppbppp/p1n2n2/1p2p3/4P3/1B3N2/PPPP1PPP/RNBQR1K1,0,0,0,0,0,1,16,16,8,8,1,1,2,2,2,2,2,2,0,0,e4|e5|Nf3|Nc6|Bb5|a6|Ba4|Nf6|O-O|Be7|Re1|b5|Bb3
86e0b7f5-7b94-4ae3-97c8-317371622795,14,7,max,O-O,e8g8,e8,g8,K,Black,r1bq1rk1/2ppbppp/p1n2n2/1p2p3/4P3/1B3N2/PPPP1PPP/RNBQR1K1,0,0,0,0,0,1,16,16,8,8,1,1,2,2,2,2,2,2,0,0,e4|e5|Nf3|Nc6|Bb5|a6|Ba4|Nf6|O-O|Be7|Re1|b5|Bb3|O-O
86e0b7f5-7b94-4ae3-97c8-317371622795,15,8,jhon,h3,h2h3,h2,h3,P,White,r1bq1rk1/2ppbppp/p1n2n2/1p2p3/4P3/1B3N1P/PPPP1PP1/RNBQR1K1,0,0,0,0,0,1,16,16,8,8,1,1,2,2,2,2,2,2,0,0,e4|e5|Nf3|Nc6|Bb5|a6|Ba4|Nf6|O-O|Be7|Re1|b5|Bb3|O-O|h3
86e0b7f5-7b94-4ae3-97c8-317371622795,16,8,max,Na5,c6a5,c6,a5,N,Black,r1bq1rk1/2ppbppp/p4n2/np2p3/4P3/1B3N1P/PPPP1PP1/RNBQR1K1,0,0,0,0,0,1,16,16,8,8,1,1,2,2,2,2,2,2,0,0,e4|e5|Nf3|Nc6|Bb5|a6|Ba4|Nf6|O-O|Be7|Re1|b5|Bb3|O-O|h3|Na5
86e0b7f5-7b94-4ae3-97c8-317371622795,17,9,jhon,Nxe5,f3e5,f3,e5,N,White,r1bq1rk1/2ppbppp/p4n2/np2N3/4P3/1B5P/PPPP1PP1/RNBQR1K1,0,0,0,0,0,1,16,15,8,7,1,1,2,2,2,2,2,2,1,0,e4|e5|Nf3|Nc6|Bb5|a6|Ba4|Nf6|O-O|Be7|Re1|b5|Bb3|O-O|h3|Na5|Nxe5
86e0b7f5-7b94-4ae3-97c8-317371622795,18,9,max,Nxb3,a5b3,a5,b3,N,Black,r1bq1rk1/2ppbppp/p4n2/1p2N3/4P3/1n5P/PPPP1PP1/RNBQR1K1,0,0,0,0,0,1,15,15,8,7,1,1,1,2,2,2,2,2,1,3,e4|e5|Nf3|Nc6|Bb5|a6|Ba4|Nf6|O-O|Be7|Re1|b5|Bb3|O-O|h3|Na5|Nxe5|Nxb3
86e0b7f5-7b94-4ae3-97c8-317371622795,19,10,jhon,axb3,a2b3,a2,b3,P,White,r1bq1rk1/2ppbppp/p4n2/1p2N3/4P3/1P5P/1PPP1PP1/RNBQR1K1,0,0,0,0,0,1,15,14,8,7,1,1,1,2,2,1,2,2,4,3,e4|e5|Nf3|Nc6|Bb5|a6|Ba4|Nf6|O-O|Be7|Re1|b5|Bb3|O-O|h3|Na5|Nxe5|Nxb3|axb3
86e0b7f5-7b94-4ae3-97c8-317371622795,20,10,max,Bb7,c8b7,c8,b7,B,Black,r2q1rk1/1bppbppp/p4n2/1p2N3/4P3/1P5P/1PPP1PP1/RNBQR1K1,0,0,0,0,0,1,15,14,8,7,1,1,1,2,2,1,2,2,4,3,e4|e5|Nf3|Nc6|Bb5|a6|Ba4|Nf6|O-O|Be7|Re1|b5|Bb3|O-O|h3|Na5|Nxe5|Nxb3|axb3|Bb7
86e0b7f5-7b94-4ae3-97c8-317371622795,21,11,jhon,d3,d2d3,d2,d3,P,White,r2q1rk1/1bppbppp/p4n2/1p2N3/4P3/1P1P3P/1PP2PP1/RNBQR1K1,0,0,0,0,0,1,15,14,8,7,1,1,1,2,2,1,2,2,4,3,e4|e5|Nf3|Nc6|Bb5|a6|Ba4|Nf6|O-O|Be7|Re1|b5|Bb3|O-O|h3|Na5|Nxe5|Nxb3|axb3|Bb7|d3
86e0b7f5-7b94-4ae3-97c8-317371622795,22,11,max,d5,d7d5,d7,d5,P,Black,r2q1rk1/1bp1bppp/p4n2/1p1pN3/4P3/1P1P3P/1PP2PP1/RNBQR1K1,0,0,0,0,0,1,15,14,8,7,1,1,1,2,2,1,2,2,4,3,e4|e5|Nf3|Nc6|Bb5|a6|Ba4|Nf6|O-O|Be7|Re1|b5|Bb3|O-O|h3|Na5|Nxe5|Nxb3|axb3|Bb7|d3|d5
86e0b7f5-7b94-4ae3-97c8-317371622795,23,12,jhon,exd5,e4d5,e4,d5,P,White,r2q1rk1/1bp1bppp/p4n2/1p1PN3/8/1P1P3P/1PP2PP1/RNBQR1K1,0,0,0,0,0,1,15,13,8,6,1,1,1,2,2,1,2,2,5,3,e4|e5|Nf3|Nc6|Bb5|a6|Ba4|Nf6|O-O|Be7|Re1|b5|Bb3|O-O|h3|Na5|Nxe5|Nxb3|axb3|Bb7|d3|d5|exd5
86e0b7f5-7b94-4ae3-97c8-317371622795,24,12,max,Qxd5,d8d5,d8,d5,Q,Black,r4rk1/1bp1bppp/p4n2/1p1qN3/8/1P1P3P/1PP2PP1/RNBQR1K1,0,0,0,0,0,1,14,13,7,6,1,1,1,2,2,1,2,2,5,4,e4|e5|Nf3|Nc6|Bb5|a6|Ba4|Nf6|O-O|Be7|Re1|b5|Bb3|O-O|h3|Na5|Nxe5|Nxb3|axb3|Bb7|d3|d5|exd5|Qxd5
86e0b7f5-7b94-4ae3-97c8-317371622795,25,13,jhon,Qf3,d1f3,d1,f3,Q,White,r4rk1/1bp1bppp/p4n2/1p1qN3/8/1P1P1Q1P/1PP2PP1/RNB1R1K1,0,0,0,0,0,1,14,13,7,6,1,1,1,2,2,1,2,2,5,4,e4|e5|Nf3|Nc6|Bb5|a6|Ba4|Nf6|O-O|Be7|Re1|b5|Bb3|O-O|h3|Na5|Nxe5|Nxb3|axb3|Bb7|d3|d5|exd5|Qxd5|Qf3
86e0b7f5-7b94-4ae3-97c8-317371622795,26,13,max,Bd6,e7d6,e7,d6,B,Black,r4rk1/1bp2ppp/p2b1n2/1p1qN3/8/1P1P1Q1P/1PP2PP1/RNB1R1K1,0,0,0,0,0,1,14,13,7,6,1,1,1,2,2,1,2,2,5,4,e4|e5|Nf3|Nc6|Bb5|a6|Ba4|Nf6|O-O|Be7|Re1|b5|Bb3|O-O|h3|Na5|Nxe5|Nxb3|axb3|Bb7|d3|d5|exd5|Qxd5|Qf3|Bd6
86e0b7f5-7b94-4ae3-97c8-317371622795,27,14,jhon,Kf1,g1f1,g1,f1,K,White,r4rk1/1bp2ppp/p2b1n2/1p1qN3/8/1P1P1Q1P/1PP2PP1/RNB1RK2,0,0,0,0,0,1,14,13,7,6,1,1,1,2,2,1,2,2,5,4,e4|e5|Nf3|Nc6|Bb5|a6|Ba4|Nf6|O-O|Be7|Re1|b5|Bb3|O-O|h3|Na5|Nxe5|Nxb3|axb3|Bb7|d3|d5|exd5|Qxd5|Qf3|Bd6|Kf1
86e0b7f5-7b94-4ae3-97c8-317371622795,28,14,max,Rfb8,f8b8,f8,b8,R,Black,rr4k1/1bp2ppp/p2b1n2/1p1qN3/8/1P1P1Q1P/1PP2PP1/RNB1RK2,0,0,0,0,0,1,14,13,7,6,1,1,1,2,2,1,2,2,5,4,e4|e5|Nf3|Nc6|Bb5|a6|Ba4|Nf6|O-O|Be7|Re1|b5|Bb3|O-O|h3|Na5|Nxe5|Nxb3|axb3|Bb7|d3|d5|exd5|Qxd5|Qf3|Bd6|Kf1|Rfb8
86e0b7f5-7b94-4ae3-97c8-317371622795,29,15,jhon,Qxd5,f3d5,f3,d5,Q,White,rr4k1/1bp2ppp/p2b1n2/1p1QN3/8/1P1P3P/1PP2PP1/RNB1RK2,0,0,0,0,0,1,14,12,7,6,1,0,1,2,2,1,2,2,14,4,e4|e5|Nf3|Nc6|Bb5|a6|Ba4|Nf6|O-O|Be7|Re1|b5|Bb3|O-O|h3|Na5|Nxe5|Nxb3|axb3|Bb7|d3|d5|exd5|Qxd5|Qf3|Bd6|Kf1|Rfb8|Qxd5
86e0b7f5-7b94-4ae3-97c8-317371622795,30,15,max,Nxd5,f6d5,f6,d5,N,Black,rr4k1/1bp2ppp/p2b4/1p1nN3/8/1P1P3P/1PP2PP1/RNB1RK2,0,0,0,0,0,1,13,12,7,6,0,0,1,2,2,1,2,2,14,13,e4|e5|Nf3|Nc6|Bb5|a6|Ba4|Nf6|O-O|Be7|Re1|b5|Bb3|O-O|h3|Na5|Nxe5|Nxb3|axb3|Bb7|d3|d5|exd5|Qxd5|Qf3|Bd6|Kf1|Rfb8|Qxd5|Nxd5
86e0b7f5-7b94-4ae3-97c8-317371622795,31,16,jhon,Bd2,c1d2,c1,d2,B,White,rr4k1/1bp2ppp/p2b4/1p1nN3/8/1P1P3P/1PPB1PP1/RN2RK2,0,0,0,0,0,1,13,12,7,6,0,0,1,2,2,1,2,2,14,13,e4|e5|Nf3|Nc6|Bb5|a6|Ba4|Nf6|O-O|Be7|Re1|b5|Bb3|O-O|h3|Na5|Nxe5|Nxb3|axb3|Bb7|d3|d5|exd5|Qxd5|Qf3|Bd6|Kf1|Rfb8|Qxd5|Nxd5|Bd2
86e0b7f5-7b94-4ae3-97c8-317371622795,32,16,max,c5,c7c5,c7,c5,P,Black,rr4k1/1b3ppp/p2b4/1ppnN3/8/1P1P3P/1PPB1PP1/RN2RK2,0,0,0,0,0,1,13,12,7,6,0,0,1,2,2,1,2,2,14,13,e4|e5|Nf3|Nc6|Bb5|a6|Ba4|Nf6|O-O|Be7|Re1|b5|Bb3|O-O|h3|Na5|Nxe5|Nxb3|axb3|Bb7|d3|d5|exd5|Qxd5|Qf3|Bd6|Kf1|Rfb8|Qxd5|Nxd5|Bd2|c5
86e0b7f5-7b94-4ae3-97c8-317371622795,33,17,jhon,Nf3,e5f3,e5,f3,N,White,rr4k1/1b3ppp/p2b4/1ppn4/8/1P1P1N1P/1PPB1PP1/RN2RK2,0,0,0,0,0,1,13,12,7,6,0,0,1,2,2,1,2,2,14,13,e4|e5|Nf3|Nc6|Bb5|a6|Ba4|Nf6|O-O|Be7|Re1|b5|Bb3|O-O|h3|Na5|Nxe5|Nxb3|axb3|Bb7|d3|d5|exd5|Qxd5|Qf3|Bd6|Kf1|Rfb8|Qxd5|Nxd5|Bd2|c5|Nf3
86e0b7f5-7b94-4ae3-97c8-317371622795,34,17,max,Rd8,b8d8,b8,d8,R,Black,r2r2k1/1b3ppp/p2b4/1ppn4/8/1P1P1N1P/1PPB1PP1/RN2RK2,0,0,0,0,0,1,13,12,7,6,0,0,1,2,2,1,2,2,14,13,e4|e5|Nf3|Nc6|Bb5|a6|Ba4|Nf6|O-O|Be7|Re1|b5|Bb3|O-O|h3|Na5|Nxe5|Nxb3|axb3|Bb7|d3|d5|exd5|Qxd5|Qf3|Bd6|Kf1|Rfb8|Qxd5|Nxd5|Bd2|c5|Nf3|Rd8
86e0b7f5-7b94-4ae3-97c8-317371622795,35,18,jhon,Nc3,b1c3,b1,c3,N,White,r2r2k1/1b3ppp/p2b4/1ppn4/8/1PNP1N1P/1PPB1PP1/R3RK2,0,0,0,0,0,1,13,12,7,6,0,0,1,2,2,1,2,2,14,13,e4|e5|Nf3|Nc6|Bb5|a6|Ba4|Nf6|O-O|Be7|Re1|b5|Bb3|O-O|h3|Na5|Nxe5|Nxb3|axb3|Bb7|d3|d5|exd5|Qxd5|Qf3|Bd6|Kf1|Rfb8|Qxd5|Nxd5|Bd2|c5|Nf3|Rd8|Nc3
86e0b7f5-7b94-4ae3-97c8-317371622795,36,18,max,Nb4,d5b4,d5,b4,N,Black,r2r2k1/1b3ppp/p2b4/1pp5/1n6/1PNP1N1P/1PPB1PP1/R3RK2,0,0,0,0,0,1,13,12,7,6,0,0,1,2,2,1,2,2,14,13,e4|e5|Nf3|Nc6|Bb5|a6|Ba4|Nf6|O-O|Be7|Re1|b5|Bb3|O-O|h3|Na5|Nxe5|Nxb3|axb3|Bb7|d3|d5|exd5|Qxd5|Qf3|Bd6|Kf1|Rfb8|Qxd5|Nxd5|Bd2|c5|Nf3|Rd8|Nc3|Nb4
86e0b7f5-7b94-4ae3-97c8-317371622795,37,19,jhon,Rec1,e1c1,e1,c1,R,White,r2r2k1/1b3ppp/p2b4/1pp5/1n6/1PNP1N1P/1PPB1PP1/R1R2K2,0,0,0,0,0,1,13,12,7,6,0,0,1,2,2,1,2,2,14,13,e4|e5|Nf3|Nc6|Bb5|a6|Ba4|Nf6|O-O|Be7|Re1|b5|Bb3|O-O|h3|Na5|Nxe5|Nxb3|axb3|Bb7|d3|d5|exd5|Qxd5|Qf3|Bd6|Kf1|Rfb8|Qxd5|Nxd5|Bd2|c5|Nf3|Rd8|Nc3|Nb4|Rec1
86e0b7f5-7b94-4ae3-97c8-317371622795,38,19,max,Rac8,a8c8,a8,c8,R,Black,2rr2k1/1b3ppp/p2b4/1pp5/1n6/1PNP1N1P/1PPB1PP1/R1R2K2,0,0,0,0,0,1,13,12,7,6,0,0,1,2,2,1,2,2,14,13,e4|e5|Nf3|Nc6|Bb5|a6|Ba4|Nf6|O-O|Be7|Re1|b5|Bb3|O-O|h3|Na5|Nxe5|Nxb3|axb3|Bb7|d3|d5|exd5|Qxd5|Qf3|Bd6|Kf1|Rfb8|Qxd5|Nxd5|Bd2|c5|Nf3|Rd8|Nc3|Nb4|Rec1|Rac8
86e0b7f5-7b94-4ae3-97c8-317371622795,39,20,jhon,Ne2,c3e2,c3,e2,N,White,2rr2k1/1b3ppp/p2b4/1pp5/1n6/1P1P1N1P/1PPBNPP1/R1R2K2,0,0,0,0,0,1,13,12,7,6,0,0,1,2,2,1,2,2,14,13,e4|e5|Nf3|Nc6|Bb5|a6|Ba4|Nf6|O-O|Be7|Re1|b5|Bb3|O-O|h3|Na5|Nxe5|Nxb3|axb3|Bb7|d3|d5|exd5|Qxd5|Qf3|Bd6|Kf1|Rfb8|Qxd5|Nxd5|Bd2|c5|Nf3|Rd8|Nc3|Nb4|Rec1|Rac8|Ne2
86e0b7f5-7b94-4ae3-97c8-317371622795,40,20,max,Nc6,b4c6,b4,c6,N,Black,2rr2k1/1b3ppp/p1nb4/1pp5/8/1P1P1N1P/1PPBNPP1/R1R2K2,0,0,0,0,0,1,13,12,7,6,0,0,1,2,2,1,2,2,14,13,e4|e5|Nf3|Nc6|Bb5|a6|Ba4|Nf6|O-O|Be7|Re1|b5|Bb3|O-O|h3|Na5|Nxe5|Nxb3|axb3|Bb7|d3|d5|exd5|Qxd5|Qf3|Bd6|Kf1|Rfb8|Qxd5|Nxd5|Bd2|c5|Nf3|Rd8|Nc3|Nb4|Rec1|Rac8|Ne2|Nc6
86e0b7f5-7b94-4ae3-97c8-317371622795,41,21,jhon,Be3,d2e3,d2,e3,B,White,2rr2k1/1b3ppp/p1nb4/1pp5/8/1P1PBN1P/1PP1NPP1/R1R2K2,0,0,0,0,0,1,13,12,7,6,0,0,1,2,2,1,2,2,14,13,e4|e5|Nf3|Nc6|Bb5|a6|Ba4|Nf6|O-O|Be7|Re1|b5|Bb3|O-O|h3|Na5|Nxe5|Nxb3|axb3|Bb7|d3|d5|exd5|Qxd5|Qf3|Bd6|Kf1|Rfb8|Qxd5|Nxd5|Bd2|c5|Nf3|Rd8|Nc3|Nb4|Rec1|Rac8|Ne2|Nc6|Be3
86e0b7f5-7b94-4ae3-97c8-317371622795,42,21,max,Ne7,c6e7,c6,e7,N,Black,2rr2k1/1b2nppp/p2b4/1pp5/8/1P1PBN1P/1PP1NPP1/R1R2K2,0,0,0,0,0,1,13,12,7,6,0,0,1,2,2,1,2,2,14,13,e4|e5|Nf3|Nc6|Bb5|a6|Ba4|Nf6|O-O|Be7|Re1|b5|Bb3|O-O|h3|Na5|Nxe5|Nxb3|axb3|Bb7|d3|d5|exd5|Qxd5|Qf3|Bd6|Kf1|Rfb8|Qxd5|Nxd5|Bd2|c5|Nf3|Rd8|Nc3|Nb4|Rec1|Rac8|Ne2|Nc6|Be3|Ne7
86e0b7f5-7b94-4ae3-97c8-317371622795,43,22,jhon,Bf4,e3f4,e3,f4,B,White,2rr2k1/1b2nppp/p2b4/1pp5/5B2/1P1P1N1P/1PP1NPP1/R1R2K2,0,0,0,0,0,1,13,12,7,6,0,0,1,2,2,1,2,2,14,13,e4|e5|Nf3|Nc6|Bb5|a6|Ba4|Nf6|O-O|Be7|Re1|b5|Bb3|O-O|h3|Na5|Nxe5|Nxb3|axb3|Bb7|d3|d5|exd5|Qxd5|Qf3|Bd6|Kf1|Rfb8|Qxd5|Nxd5|Bd2|c5|Nf3|Rd8|Nc3|Nb4|Rec1|Rac8|Ne2|Nc6|Be3|Ne7|Bf4
86e0b7f5-7b94-4ae3-97c8-317371622795,44,22,max,Bxf3,b7f3,b7,f3,B,Black,2rr2k1/4nppp/p2b4/1pp5/5B2/1P1P1b1P/1PP1NPP1/R1R2K2,0,0,0,0,0,1,12,12,7,6,0,0,1,2,1,1,2,2,14,16,e4|e5|Nf3|Nc6|Bb5|a6|Ba4|Nf6|O-O|Be7|Re1|b5|Bb3|O-O|h3|Na5|Nxe5|Nxb3|axb3|Bb7|d3|d5|exd5|Qxd5|Qf3|Bd6|Kf1|Rfb8|Qxd5|Nxd5|Bd2|c5|Nf3|Rd8|Nc3|Nb4|Rec1|Rac8|Ne2|Nc6|Be3|Ne7|Bf4|Bxf3
86e0b7f5-7b94-4ae3-97c8-317371622795,45,23,jhon,gxf3,g2f3,g2,f3,P,White,2rr2k1/4nppp/p2b4/1pp5/5B2/1P1P1P1P/1PP1NP2/R1R2K2,0,0,0,0,0,1,12,11,7,6,0,0,1,1,1,1,2,2,17,16,e4|e5|Nf3|Nc6|Bb5|a6|Ba4|Nf6|O-O|Be7|Re1|b5|Bb3|O-O|h3|Na5|Nxe5|Nxb3|axb3|Bb7|d3|d5|exd5|Qxd5|Qf3|Bd6|Kf1|Rfb8|Qxd5|Nxd5|Bd2|c5|Nf3|Rd8|Nc3|Nb4|Rec1|Rac8|Ne2|Nc6|Be3|Ne7|Bf4|Bxf3|gxf3
86e0b7f5-7b94-4ae3-97c8-317371622795,46,23,max,Bxf4,d6f4,d6,f4,B,Black,2rr2k1/4nppp/p7/1pp5/5b2/1P1P1P1P/1PP1NP2/R1R2K2,0,0,0,0,0,1,11,11,7,6,0,0,0,1,1,1,2,2,17,19,e4|e5|Nf3|Nc6|Bb5|a6|Ba4|Nf6|O-O|Be7|Re1|b5|Bb3|O-O|h3|Na5|Nxe5|Nxb3|axb3|Bb7|d3|d5|exd5|Qxd5|Qf3|Bd6|Kf1|Rfb8|Qxd5|Nxd5|Bd2|c5|Nf3|Rd8|Nc3|Nb4|Rec1|Rac8|Ne2|Nc6|Be3|Ne7|Bf4|Bxf3|gxf3|Bxf4
86e0b7f5-7b94-4ae3-97c8-317371622795,47,24,jhon,Nxf4,e2f4,e2,f4,N,White,2rr2k1/4nppp/p7/1pp5/5N2/1P1P1P1P/1PP2P2/R1R2K2,0,0,0,0,0,1,11,10,7,6,0,0,0,0,1,1,2,2,20,19,e4|e5|Nf3|Nc6|Bb5|a6|Ba4|Nf6|O-O|Be7|Re1|b5|Bb3|O-O|h3|Na5|Nxe5|Nxb3|axb3|Bb7|d3|d5|exd5|Qxd5|Qf3|Bd6|Kf1|Rfb8|Qxd5|Nxd5|Bd2|c5|Nf3|Rd8|Nc3|Nb4|Rec1|Rac8|Ne2|Nc6|Be3|Ne7|Bf4|Bxf3|gxf3|Bxf4|Nxf4
86e0b7f5-7b94-4ae3-97c8-317371622795,48,24,max,Rc6,c8c6,c8,c6,R,Black,3r2k1/4nppp/p1r5/1pp5/5N2/1P1P1P1P/1PP2P2/R1R2K2,0,0,0,0,0,1,11,10,7,6,0,0,0,0,1,1,2,2,20,19,e4|e5|Nf3|Nc6|Bb5|a6|Ba4|Nf6|O-O|Be7|Re1|b5|Bb3|O-O|h3|Na5|Nxe5|Nxb3|axb3|Bb7|d3|d5|exd5|Qxd5|Qf3|Bd6|Kf1|Rfb8|Qxd5|Nxd5|Bd2|c5|Nf3|Rd8|Nc3|Nb4|Rec1|Rac8|Ne2|Nc6|Be3|Ne7|Bf4|Bxf3|gxf3|Bxf4|Nxf4|Rc6
86e0b7f5-7b94-4ae3-97c8-317371622795,49,25,jhon,Re1,c1e1,c1,e1,R,White,3r2k1/4nppp/p1r5/1pp5/5N2/1P1P1P1P/1PP2P2/R3RK2,0,0,0,0,0,1,11,10,7,6,0,0,0,0,1,1,2,2,20,19,e4|e5|Nf3|Nc6|Bb5|a6|Ba4|Nf6|O-O|Be7|Re1|b5|Bb3|O-O|h3|Na5|Nxe5|Nxb3|axb3|Bb7|d3|d5|exd5|Qxd5|Qf3|Bd6|Kf1|Rfb8|Qxd5|Nxd5|Bd2|c5|Nf3|Rd8|Nc3|Nb4|Rec1|Rac8|Ne2|Nc6|Be3|Ne7|Bf4|Bxf3|gxf3|Bxf4|Nxf4|Rc6|Re1
86e0b7f5-7b94-4ae3-97c8-317371622795,50,25,max,Nf5,e7f5,e7,f5,N,Black,3r2k1/5ppp/p1r5/1pp2n2/5N2/1P1P1P1P/1PP2P2/R3RK2,0,0,0,0,0,1,11,10,7,6,0,0,0,0,1,1,2,2,20,19,e4|e5|Nf3|Nc6|Bb5|a6|Ba4|Nf6|O-O|Be7|Re1|b5|Bb3|O-O|h3|Na5|Nxe5|Nxb3|axb3|Bb7|d3|d5|exd5|Qxd5|Qf3|Bd6|Kf1|Rfb8|Qxd5|Nxd5|Bd2|c5|Nf3|Rd8|Nc3|Nb4|Rec1|Rac8|Ne2|Nc6|Be3|Ne7|Bf4|Bxf3|gxf3|Bxf4|Nxf4|Rc6|Re1|Nf5
86e0b7f5-7b94-4ae3-97c8-317371622795,51,26,jhon,c3,c2c3,c2,c3,P,White,3r2k1/5ppp/p1r5/1pp2n2/5N2/1PPP1P1P/1P3P2/R3RK2,0,0,0,0,0,1,11,10,7,6,0,0,0,0,1,1,2,2,20,19,e4|e5|Nf3|Nc6|Bb5|a6|Ba4|Nf6|O-O|Be7|Re1|b5|Bb3|O-O|h3|Na5|Nxe5|Nxb3|axb3|Bb7|d3|d5|exd5|Qxd5|Qf3|Bd6|Kf1|Rfb8|Qxd5|Nxd5|Bd2|c5|Nf3|Rd8|Nc3|Nb4|Rec1|Rac8|Ne2|Nc6|Be3|Ne7|Bf4|Bxf3|gxf3|Bxf4|Nxf4|Rc6|Re1|Nf5|c3
86e0b7f5-7b94-4ae3-97c8-317371622795,52,26,max,Nh4,f5h4,f5,h4,N,Black,3r2k1/5ppp/p1r5/1pp5/5N1n/1PPP1P1P/1P3P2/R3RK2,0,0,0,0,0,1,11,10,7,6,0,0,0,0,1,1,2,2,20,19,e4|e5|Nf3|Nc6|Bb5|a6|Ba4|Nf6|O-O|Be7|Re1|b5|Bb3|O-O|h3|Na5|Nxe5|Nxb3|axb3|Bb7|d3|d5|exd5|Qxd5|Qf3|Bd6|Kf1|Rfb8|Qxd5|Nxd5|Bd2|c5|Nf3|Rd8|Nc3|Nb4|Rec1|Rac8|Ne2|Nc6|Be3|Ne7|Bf4|Bxf3|gxf3|Bxf4|Nxf4|Rc6|Re1|Nf5|c3|Nh4
86e0b7f5-7b94-4ae3-97c8-317371622795,53,27,jhon,Re3,e1e3,e1,e3,R,White,3r2k1/5ppp/p1r5/1pp5/5N1n/1PPPRP1P/1P3P2/R4K2,0,0,0,0,0,1,11,10,7,6,0,0,0,0,1,1,2,2,20,19,e4|e5|Nf3|Nc6|Bb5|a6|Ba4|Nf6|O-O|Be7|Re1|b5|Bb3|O-O|h3|Na5|Nxe5|Nxb3|axb3|Bb7|d3|d5|exd5|Qxd5|Qf3|Bd6|Kf1|Rfb8|Qxd5|Nxd5|Bd2|c5|Nf3|Rd8|Nc3|Nb4|Rec1|Rac8|Ne2|Nc6|Be3|Ne7|Bf4|Bxf3|gxf3|Bxf4|Nxf4|Rc6|Re1|Nf5|c3|Nh4|Re3
86e0b7f5-7b94-4ae3-97c8-317371622795,54,27,max,Kf8,g8f8,g8,f8,K,Black,3r1k2/5ppp/p1r5/1pp5/5N1n/1PPPRP1P/1P3P2/R4K2,0,0,0,0,0,1,11,10,7,6,0,0,0,0,1,1,2,2,20,19,e4|e5|Nf3|Nc6|Bb5|a6|Ba4|Nf6|O-O|Be7|Re1|b5|Bb3|O-O|h3|Na5|Nxe5|Nxb3|axb3|Bb7|d3|d5|exd5|Qxd5|Qf3|Bd6|Kf1|Rfb8|Qxd5|Nxd5|Bd2|c5|Nf3|Rd8|Nc3|Nb4|Rec1|Rac8|Ne2|Nc6|Be3|Ne7|Bf4|Bxf3|gxf3|Bxf4|Nxf4|Rc6|Re1|Nf5|c3|Nh4|Re3|Kf8
86e0b7f5-7b94-4ae3-97c8-317371622795,55,28,jhon,Ng2,f4g2,f4,g2,N,White,3r1k2/5ppp/p1r5/1pp5/7n/1PPPRP1P/1P3PN1/R4K2,0,0,0,0,0,1,11,10,7,6,0,0,0,0,1,1,2,2,20,19,e4|e5|Nf3|Nc6|Bb5|a6|Ba4|Nf6|O-O|Be7|Re1|b5|Bb3|O-O|h3|Na5|Nxe5|Nxb3|axb3|Bb7|d3|d5|exd5|Qxd5|Qf3|Bd6|Kf1|Rfb8|Qxd5|Nxd5|Bd2|c5|Nf3|Rd8|Nc3|Nb4|Rec1|Rac8|Ne2|Nc6|Be3|Ne7|Bf4|Bxf3|gxf3|Bxf4|Nxf4|Rc6|Re1|Nf5|c3|Nh4|Re3|Kf8|Ng2
86e0b7f5-7b94-4ae3-97c8-317371622795,56,28,max,Nf5,h4f5,h4,f5,N,Black,3r1k2/5ppp/p1r5/1pp2n2/8/1PPPRP1P/1P3PN1/R4K2,0,0,0,0,0,1,11,10,7,6,0,0,0,0,1,1,2,2,20,19,e4|e5|Nf3|Nc6|Bb5|a6|Ba4|Nf6|O-O|Be7|Re1|b5|Bb3|O-O|h3|Na5|Nxe5|Nxb3|axb3|Bb7|d3|d5|exd5|Qxd5|Qf3|Bd6|Kf1|Rfb8|Qxd5|Nxd5|Bd2|c5|Nf3|Rd8|Nc3|Nb4|Rec1|Rac8|Ne2|Nc6|Be3|Ne7|Bf4|Bxf3|gxf3|Bxf4|Nxf4|Rc6|Re1|Nf5|c3|Nh4|Re3|Kf8|Ng2|Nf5
86e0b7f5-7b94-4ae3-97c8-317371622795,57,29,jhon,Re5,e3e5,e3,e5,R,White,3r1k2/5ppp/p1r5/1pp1Rn2/8/1PPP1P1P/1P3PN1/R4K2,0,0,0,0,0,1,11,10,7,6,0,0,0,0,1,1,2,2,20,19,e4|e5|Nf3|Nc6|Bb5|a6|Ba4|Nf6|O-O|Be7|Re1|b5|Bb3|O-O|h3|Na5|Nxe5|Nxb3|axb3|Bb7|d3|d5|exd5|Qxd5|Qf3|Bd6|Kf1|Rfb8|Qxd5|Nxd5|Bd2|c5|Nf3|Rd8|Nc3|Nb4|Rec1|Rac8|Ne2|Nc6|Be3|Ne7|Bf4|Bxf3|gxf3|Bxf4|Nxf4|Rc6|Re1|Nf5|c3|Nh4|Re3|Kf8|Ng2|Nf5|Re5
86e0b7f5-7b94-4ae3-97c8-317371622795,58,29,max,g6,g7g6,g7,g6,P,Black,3r1k2/5p1p/p1r3p1/1pp1Rn2/8/1PPP1P1P/1P3PN1/R4K2,0,0,0,0,0,1,11,10,7,6,0,0,0,0,1,1,2,2,20,19,e4|e5|Nf3|Nc6|Bb5|a6|Ba4|Nf6|O-O|Be7|Re1|b5|Bb3|O-O|h3|Na5|Nxe5|Nxb3|axb3|Bb7|d3|d5|exd5|Qxd5|Qf3|Bd6|Kf1|Rfb8|Qxd5|Nxd5|Bd2|c5|Nf3|Rd8|Nc3|Nb4|Rec1|Rac8|Ne2|Nc6|Be3|Ne7|Bf4|Bxf3|gxf3|Bxf4|Nxf4|Rc6|Re1|Nf5|c3|Nh4|Re3|Kf8|Ng2|Nf5|Re5|g6
86e0b7f5-7b94-4ae3-97c8-317371622795,59,30,jhon,Ne1,g2e1,g2,e1,N,White,3r1k2/5p1p/p1r3p1/1pp1Rn2/8/1PPP1P1P/1P3P2/R3NK2,0,0,0,0,0,1,11,10,7,6,0,0,0,0,1,1,2,2,20,19,e4|e5|Nf3|Nc6|Bb5|a6|Ba4|Nf6|O-O|Be7|Re1|b5|Bb3|O-O|h3|Na5|Nxe5|Nxb3|axb3|Bb7|d3|d5|exd5|Qxd5|Qf3|Bd6|Kf1|Rfb8|Qxd5|Nxd5|Bd2|c5|Nf3|Rd8|Nc3|Nb4|Rec1|Rac8|Ne2|Nc6|Be3|Ne7|Bf4|Bxf3|gxf3|Bxf4|Nxf4|Rc6|Re1|Nf5|c3|Nh4|Re3|Kf8|Ng2|Nf5|Re5|g6|Ne1
86e0b7f5-7b94-4ae3-97c8-317371622795,60,30,max,Ng7,f5g7,f5,g7,N,Black,3r1k2/5pnp/p1r3p1/1pp1R3/8/1PPP1P1P/1P3P2/R3NK2,0,0,0,0,0,1,11,10,7,6,0,0,0,0,1,1,2,2,20,19,e4|e5|Nf3|Nc6|Bb5|a6|Ba4|Nf6|O-O|Be7|Re1|b5|Bb3|O-O|h3|Na5|Nxe5|Nxb3|axb3|Bb7|d3|d5|exd5|Qxd5|Qf3|Bd6|Kf1|Rfb8|Qxd5|Nxd5|Bd2|c5|Nf3|Rd8|Nc3|Nb4|Rec1|Rac8|Ne2|Nc6|Be3|Ne7|Bf4|Bxf3|gxf3|Bxf4|Nxf4|Rc6|Re1|Nf5|c3|Nh4|Re3|Kf8|Ng2|Nf5|Re5|g6|Ne1|Ng7
86e0b7f5-7b94-4ae3-97c8-317371622795,61,31,jhon,Re4,e5e4,e5,e4,R,White,3r1k2/5pnp/p1r3p1/1pp5/4R3/1PPP1P1P/1P3P2/R3NK2,0,0,0,0,0,1,11,10,7,6,0,0,0,0,1,1,2,2,20,19,e4|e5|Nf3|Nc6|Bb5|a6|Ba4|Nf6|O-O|Be7|Re1|b5|Bb3|O-O|h3|Na5|Nxe5|Nxb3|axb3|Bb7|d3|d5|exd5|Qxd5|Qf3|Bd6|Kf1|Rfb8|Qxd5|Nxd5|Bd2|c5|Nf3|Rd8|Nc3|Nb4|Rec1|Rac8|Ne2|Nc6|Be3|Ne7|Bf4|Bxf3|gxf3|Bxf4|Nxf4|Rc6|Re1|Nf5|c3|Nh4|Re3|Kf8|Ng2|Nf5|Re5|g6|Ne1|Ng7|Re4
86e0b7f5-7b94-4ae3-97c8-317371622795,62,31,max,f5,f7f5,f7,f5,P,Black,3r1k2/6np/p1r3p1/1pp2p2/4R3/1PPP1P1P/1P3P2/R3NK2,0,0,0,0,0,1,11,10,7,6,0,0,0,0,1,1,2,2,20,19,e4|e5|Nf3|Nc6|Bb5|a6|Ba4|Nf6|O-O|Be7|Re1|b5|Bb3|O-O|h3|Na5|Nxe5|Nxb3|axb3|Bb7|d3|d5|exd5|Qxd5|Qf3|Bd6|Kf1|Rfb8|Qxd5|Nxd5|Bd2|c5|Nf3|Rd8|Nc3|Nb4|Rec1|Rac8|Ne2|Nc6|Be3|Ne7|Bf4|Bxf3|gxf3|Bxf4|Nxf4|Rc6|Re1|Nf5|c3|Nh4|Re3|Kf8|Ng2|Nf5|Re5|g6|Ne1|Ng7|Re4|f5
86e0b7f5-7b94-4ae3-97c8-317371622795,63,32,jhon,Re3,e4e3,e4,e3,R,White,3r1k2/6np/p1r3p1/1pp2p2/8/1PPPRP1P/1P3P2/R3NK2,0,0,0,0,0,1,11,10,7,6,0,0,0,0,1,1,2,2,20,19,e4|e5|Nf3|Nc6|Bb5|a6|Ba4|Nf6|O-O|Be7|Re1|b5|Bb3|O-O|h3|Na5|Nxe5|Nxb3|axb3|Bb7|d3|d5|exd5|Qxd5|Qf3|Bd6|Kf1|Rfb8|Qxd5|Nxd5|Bd2|c5|Nf3|Rd8|Nc3|Nb4|Rec1|Rac8|Ne2|Nc6|Be3|Ne7|Bf4|Bxf3|gxf3|Bxf4|Nxf4|Rc6|Re1|Nf5|c3|Nh4|Re3|Kf8|Ng2|Nf5|Re5|g6|Ne1|Ng7|Re4|f5|Re3
86e0b7f5-7b94-4ae3-97c8-317371622795,64,32,max,Ne6,g7e6,g7,e6,N,Black,3r1k2/7p/p1r1n1p1/1pp2p2/8/1PPPRP1P/1P3P2/R3NK2,0,0,0,0,0,1,11,10,7,6,0,0,0,0,1,1,2,2,20,19,e4|e5|Nf3|Nc6|Bb5|a6|Ba4|Nf6|O-O|Be7|Re1|b5|Bb3|O-O|h3|Na5|Nxe5|Nxb3|axb3|Bb7|d3|d5|exd5|Qxd5|Qf3|Bd6|Kf1|Rfb8|Qxd5|Nxd5|Bd2|c5|Nf3|Rd8|Nc3|Nb4|Rec1|Rac8|Ne2|Nc6|Be3|Ne7|Bf4|Bxf3|gxf3|Bxf4|Nxf4|Rc6|Re1|Nf5|c3|Nh4|Re3|Kf8|Ng2|Nf5|Re5|g6|Ne1|Ng7|Re4|f5|Re3|Ne6
86e0b7f5-7b94-4ae3-97c8-317371622795,65,33,jhon,Ng2,e1g2,e1,g2,N,White,3r1k2/7p/p1r1n1p1/1pp2p2/8/1PPPRP1P/1P3PN1/R4K2,0,0,0,0,0,1,11,10,7,6,0,0,0,0,1,1,2,2,20,19,e4|e5|Nf3|Nc6|Bb5|a6|Ba4|Nf6|O-O|Be7|Re1|b5|Bb3|O-O|h3|Na5|Nxe5|Nxb3|axb3|Bb7|d3|d5|exd5|Qxd5|Qf3|Bd6|Kf1|Rfb8|Qxd5|Nxd5|Bd2|c5|Nf3|Rd8|Nc3|Nb4|Rec1|Rac8|Ne2|Nc6|Be3|Ne7|Bf4|Bxf3|gxf3|Bxf4|Nxf4|Rc6|Re1|Nf5|c3|Nh4|Re3|Kf8|Ng2|Nf5|Re5|g6|Ne1|Ng7|Re4|f5|Re3|Ne6|Ng2
86e0b7f5-7b94-4ae3-97c8-317371622795,66,33,max,b4,b5b4,b5,b4,P,Black,3r1k2/7p/p1r1n1p1/2p2p2/1p6/1PPPRP1P/1P3PN1/R4K2,0,0,0,0,0,1,11,10,7,6,0,0,0,0,1,1,2,2,20,19,e4|e5|Nf3|Nc6|Bb5|a6|Ba4|Nf6|O-O|Be7|Re1|b5|Bb3|O-O|h3|Na5|Nxe5|Nxb3|axb3|Bb7|d3|d5|exd5|Qxd5|Qf3|Bd6|Kf1|Rfb8|Qxd5|Nxd5|Bd2|c5|Nf3|Rd8|Nc3|Nb4|Rec1|Rac8|Ne2|Nc6|Be3|Ne7|Bf4|Bxf3|gxf3|Bxf4|Nxf4|Rc6|Re1|Nf5|c3|Nh4|Re3|Kf8|Ng2|Nf5|Re5|g6|Ne1|Ng7|Re4|f5|Re3|Ne6|Ng2|b4
86e0b7f5-7b94-4ae3-97c8-317371622795,67,34,jhon,Ke2,f1e2,f1,e2,K,White,3r1k2/7p/p1r1n1p1/2p2p2/1p6/1PPPRP1P/1P2KPN1/R7,0,0,0,0,0,1,11,10,7,6,0,0,0,0,1,1,2,2,20,19,e4|e5|Nf3|Nc6|Bb5|a6|Ba4|Nf6|O-O|Be7|Re1|b5|Bb3|O-O|h3|Na5|Nxe5|Nxb3|axb3|Bb7|d3|d5|exd5|Qxd5|Qf3|Bd6|Kf1|Rfb8|Qxd5|Nxd5|Bd2|c5|Nf3|Rd8|Nc3|Nb4|Rec1|Rac8|Ne2|Nc6|Be3|Ne7|Bf4|Bxf3|gxf3|Bxf4|Nxf4|Rc6|Re1|Nf5|c3|Nh4|Re3|Kf8|Ng2|Nf5|Re5|g6|Ne1|Ng7|Re4|f5|Re3|Ne6|Ng2|b4|Ke2
86e0b7f5-7b94-4ae3-97c8-317371622795,68,34,max,Rb8,d8b8,d8,b8,R,Black,1r3k2/7p/p1r1n1p1/2p2p2/1p6/1PPPRP1P/1P2KPN1/R7,0,0,0,0,0,1,11,10,7,6,0,0,0,0,1,1,2,2,20,19,e4|e5|Nf3|Nc6|Bb5|a6|Ba4|Nf6|O-O|Be7|Re1|b5|Bb3|O-O|h3|Na5|Nxe5|Nxb3|axb3|Bb7|d3|d5|exd5|Qxd5|Qf3|Bd6|Kf1|Rfb8|Qxd5|Nxd5|Bd2|c5|Nf3|Rd8|Nc3|Nb4|Rec1|Rac8|Ne2|Nc6|Be3|Ne7|Bf4|Bxf3|gxf3|Bxf4|Nxf4|Rc6|Re1|Nf5|c3|Nh4|Re3|Kf8|Ng2|Nf5|Re5|g6|Ne1|Ng7|Re4|f5|Re3|Ne6|Ng2|b4|Ke2|Rb8
86e0b7f5-7b94-4ae3-97c8-317371622795,69,35,jhon,Kd2,e2d2,e2,d2,K,White,1r3k2/7p/p1r1n1p1/2p2p2/1p6/1PPPRP1P/1P1K1PN1/R7,0,0,0,0,0,1,11,10,7,6,0,0,0,0,1,1,2,2,20,19,e4|e5|Nf3|Nc6|Bb5|a6|Ba4|Nf6|O-O|Be7|Re1|b5|Bb3|O-O|h3|Na5|Nxe5|Nxb3|axb3|Bb7|d3|d5|exd5|Qxd5|Qf3|Bd6|Kf1|Rfb8|Qxd5|Nxd5|Bd2|c5|Nf3|Rd8|Nc3|Nb4|Rec1|Rac8|Ne2|Nc6|Be3|Ne7|Bf4|Bxf3|gxf3|Bxf4|Nxf4|Rc6|Re1|Nf5|c3|Nh4|Re3|Kf8|Ng2|Nf5|Re5|g6|Ne1|Ng7|Re4|f5|Re3|Ne6|Ng2|b4|Ke2|Rb8|Kd2
86e0b7f5-7b94-4ae3-97c8-317371622795,70,35,max,bxc3+,b4c3,b4,c3,P,Black,1r3k2/7p/p1r1n1p1/2p2p2/8/1PpPRP1P/1P1K1PN1/R7,1,0,0,0,0,1,10,10,6,6,0,0,0,0,1,1,2,2,20,20,e4|e5|Nf3|Nc6|Bb5|a6|Ba4|Nf6|O-O|Be7|Re1|b5|Bb3|O-O|h3|Na5|Nxe5|Nxb3|axb3|Bb7|d3|d5|exd5|Qxd5|Qf3|Bd6|Kf1|Rfb8|Qxd5|Nxd5|Bd2|c5|Nf3|Rd8|Nc3|Nb4|Rec1|Rac8|Ne2|Nc6|Be3|Ne7|Bf4|Bxf3|gxf3|Bxf4|Nxf4|Rc6|Re1|Nf5|c3|Nh4|Re3|Kf8|Ng2|Nf5|Re5|g6|Ne1|Ng7|Re4|f5|Re3|Ne6|Ng2|b4|Ke2|Rb8|Kd2|bxc3+
86e0b7f5-7b94-4ae3-97c8-317371622795,71,36,jhon,bxc3,b2c3,b2,c3,P,White,1r3k2/7p/p1r1n1p1/2p2p2/8/1PPPRP1P/3K1PN1/R7,0,0,0,0,0,1,10,9,6,5,0,0,0,0,1,1,2,2,21,20,e4|e5|Nf3|Nc6|Bb5|a6|Ba4|Nf6|O-O|Be7|Re1|b5|Bb3|O-O|h3|Na5|Nxe5|Nxb3|axb3|Bb7|d3|d5|exd5|Qxd5|Qf3|Bd6|Kf1|Rfb8|Qxd5|Nxd5|Bd2|c5|Nf3|Rd8|Nc3|Nb4|Rec1|Rac8|Ne2|Nc6|Be3|Ne7|Bf4|Bxf3|gxf3|Bxf4|Nxf4|Rc6|Re1|Nf5|c3|Nh4|Re3|Kf8|Ng2|Nf5|Re5|g6|Ne1|Ng7|Re4|f5|Re3|Ne6|Ng2|b4|Ke2|Rb8|Kd2|bxc3+|bxc3
86e0b7f5-7b94-4ae3-97c8-317371622795,72,36,max,Rxb3,b8b3,b8,b3,R,Black,5k2/7p/p1r1n1p1/2p2p2/8/1rPPRP1P/3K1PN1/R7,0,0,0,0,0,1,9,9,5,5,0,0,0,0,1,1,2,2,21,21,e4|e5|Nf3|Nc6|Bb5|a6|Ba4|Nf6|O-O|Be7|Re1|b5|Bb3|O-O|h3|Na5|Nxe5|Nxb3|axb3|Bb7|d3|d5|exd5|Qxd5|Qf3|Bd6|Kf1|Rfb8|Qxd5|Nxd5|Bd2|c5|Nf3|Rd8|Nc3|Nb4|Rec1|Rac8|Ne2|Nc6|Be3|Ne7|Bf4|Bxf3|gxf3|Bxf4|Nxf4|Rc6|Re1|Nf5|c3|Nh4|Re3|Kf8|Ng2|Nf5|Re5|g6|Ne1|Ng7|Re4|f5|Re3|Ne6|Ng2|b4|Ke2|Rb8|Kd2|bxc3+|bxc3|Rxb3
86e0b7f5-7b94-4ae3-97c8-317371622795,73,37,jhon,Kc2,d2c2,d2,c2,K,White,5k2/7p/p1r1n1p1/2p2p2/8/1rPPRP1P/2K2PN1/R7,0,0,0,0,0,1,9,9,5,5,0,0,0,0,1,1,2,2,21,21,e4|e5|Nf3|Nc6|Bb5|a6|Ba4|Nf6|O-O|Be7|Re1|b5|Bb3|O-O|h3|Na5|Nxe5|Nxb3|axb3|Bb7|d3|d5|exd5|Qxd5|Qf3|Bd6|Kf1|Rfb8|Qxd5|Nxd5|Bd2|c5|Nf3|Rd8|Nc3|Nb4|Rec1|Rac8|Ne2|Nc6|Be3|Ne7|Bf4|Bxf3|gxf3|Bxf4|Nxf4|Rc6|Re1|Nf5|c3|Nh4|Re3|Kf8|Ng2|Nf5|Re5|g6|Ne1|Ng7|Re4|f5|Re3|Ne6|Ng2|b4|Ke2|Rb8|Kd2|bxc3+|bxc3|Rxb3|Kc2
86e0b7f5-7b94-4ae3-97c8-317371622795,74,37,max,Rb7,b3b7,b3,b7,R,Black,5k2/1r5p/p1r1n1p1/2p2p2/8/2PPRP1P/2K2PN1/R7,0,0,0,0,0,1,9,9,5,5,0,0,0,0,1,1,2,2,21,21,e4|e5|Nf3|Nc6|Bb5|a6|Ba4|Nf6|O-O|Be7|Re1|b5|Bb3|O-O|h3|Na5|Nxe5|Nxb3|axb3|Bb7|d3|d5|exd5|Qxd5|Qf3|Bd6|Kf1|Rfb8|Qxd5|Nxd5|Bd2|c5|Nf3|Rd8|Nc3|Nb4|Rec1|Rac8|Ne2|Nc6|Be3|Ne7|Bf4|Bxf3|gxf3|Bxf4|Nxf4|Rc6|Re1|Nf5|c3|Nh4|Re3|Kf8|Ng2|Nf5|Re5|g6|Ne1|Ng7|Re4|f5|Re3|Ne6|Ng2|b4|Ke2|Rb8|Kd2|bxc3+|bxc3|Rxb3|Kc2|Rb7
86e0b7f5-7b94-4ae3-97c8-317371622795,75,38,jhon,h4,h3h4,h3,h4,P,White,5k2/1r5p/p1r1n1p1/2p2p2/7P/2PPRP2/2K2PN1/R7,0,0,0,0,0,1,9,9,5,5,0,0,0,0,1,1,2,2,21,21,e4|e5|Nf3|Nc6|Bb5|a6|Ba4|Nf6|O-O|Be7|Re1|b5|Bb3|O-O|h3|Na5|Nxe5|Nxb3|axb3|Bb7|d3|d5|exd5|Qxd5|Qf3|Bd6|Kf1|Rfb8|Qxd5|Nxd5|Bd2|c5|Nf3|Rd8|Nc3|Nb4|Rec1|Rac8|Ne2|Nc6|Be3|Ne7|Bf4|Bxf3|gxf3|Bxf4|Nxf4|Rc6|Re1|Nf5|c3|Nh4|Re3|Kf8|Ng2|Nf5|Re5|g6|Ne1|Ng7|Re4|f5|Re3|Ne6|Ng2|b4|Ke2|Rb8|Kd2|bxc3+|bxc3|Rxb3|Kc2|Rb7|h4
86e0b7f5-7b94-4ae3-97c8-317371622795,76,38,max,Kf7,f8f7,f8,f7,K,Black,8/1r3k1p/p1r1n1p1/2p2p2/7P/2PPRP2/2K2PN1/R7,0,0,0,0,0,1,9,9,5,5,0,0,0,0,1,1,2,2,21,21,e4|e5|Nf3|Nc6|Bb5|a6|Ba4|Nf6|O-O|Be7|Re1|b5|Bb3|O-O|h3|Na5|Nxe5|Nxb3|axb3|Bb7|d3|d5|exd5|Qxd5|Qf3|Bd6|Kf1|Rfb8|Qxd5|Nxd5|Bd2|c5|Nf3|Rd8|Nc3|Nb4|Rec1|Rac8|Ne2|Nc6|Be3|Ne7|Bf4|Bxf3|gxf3|Bxf4|Nxf4|Rc6|Re1|Nf5|c3|Nh4|Re3|Kf8|Ng2|Nf5|Re5|g6|Ne1|Ng7|Re4|f5|Re3|Ne6|Ng2|b4|Ke2|Rb8|Kd2|bxc3+|bxc3|Rxb3|Kc2|Rb7|h4|Kf7
86e0b7f5-7b94-4ae3-97c8-317371622795,77,39,jhon,Ree1,e3e1,e3,e1,R,White,8/1r3k1p/p1r1n1p1/2p2p2/7P/2PP1P2/2K2PN1/R3R3,0,0,0,0,0,1,9,9,5,5,0,0,0,0,1,1,2,2,21,21,e4|e5|Nf3|Nc6|Bb5|a6|Ba4|Nf6|O-O|Be7|Re1|b5|Bb3|O-O|h3|Na5|Nxe5|Nxb3|axb3|Bb7|d3|d5|exd5|Qxd5|Qf3|Bd6|Kf1|Rfb8|Qxd5|Nxd5|Bd2|c5|Nf3|Rd8|Nc3|Nb4|Rec1|Rac8|Ne2|Nc6|Be3|Ne7|Bf4|Bxf3|gxf3|Bxf4|Nxf4|Rc6|Re1|Nf5|c3|Nh4|Re3|Kf8|Ng2|Nf5|Re5|g6|Ne1|Ng7|Re4|f5|Re3|Ne6|Ng2|b4|Ke2|Rb8|Kd2|bxc3+|bxc3|Rxb3|Kc2|Rb7|h4|Kf7|Ree1
86e0b7f5-7b94-4ae3-97c8-317371622795,78,39,max,Kf6,f7f6,f7,f6,K,Black,8/1r5p/p1r1nkp1/2p2p2/7P/2PP1P2/2K2PN1/R3R3,0,0,0,0,0,1,9,9,5,5,0,0,0,0,1,1,2,2,21,21,e4|e5|Nf3|Nc6|Bb5|a6|Ba4|Nf6|O-O|Be7|Re1|b5|Bb3|O-O|h3|Na5|Nxe5|Nxb3|axb3|Bb7|d3|d5|exd5|Qxd5|Qf3|Bd6|Kf1|Rfb8|Qxd5|Nxd5|Bd2|c5|Nf3|Rd8|Nc3|Nb4|Rec1|Rac8|Ne2|Nc6|Be3|Ne7|Bf4|Bxf3|gxf3|Bxf4|Nxf4|Rc6|Re1|Nf5|c3|Nh4|Re3|Kf8|Ng2|Nf5|Re5|g6|Ne1|Ng7|Re4|f5|Re3|Ne6|Ng2|b4|Ke2|Rb8|Kd2|bxc3+|bxc3|Rxb3|Kc2|Rb7|h4|Kf7|Ree1|Kf6
86e0b7f5-7b94-4ae3-97c8-317371622795,79,40,jhon,Ne3,g2e3,g2,e3,N,White,8/1r5p/p1r1nkp1/2p2p2/7P/2PPNP2/2K2P2/R3R3,0,0,0,0,0,1,9,9,5,5,0,0,0,0,1,1,2,2,21,21,e4|e5|Nf3|Nc6|Bb5|a6|Ba4|Nf6|O-O|Be7|Re1|b5|Bb3|O-O|h3|Na5|Nxe5|Nxb3|axb3|Bb7|d3|d5|exd5|Qxd5|Qf3|Bd6|Kf1|Rfb8|Qxd5|Nxd5|Bd2|c5|Nf3|Rd8|Nc3|Nb4|Rec1|Rac8|Ne2|Nc6|Be3|Ne7|Bf4|Bxf3|gxf3|Bxf4|Nxf4|Rc6|Re1|Nf5|c3|Nh4|Re3|Kf8|Ng2|Nf5|Re5|g6|Ne1|Ng7|Re4|f5|Re3|Ne6|Ng2|b4|Ke2|Rb8|Kd2|bxc3+|bxc3|Rxb3|Kc2|Rb7|h4|Kf7|Ree1|Kf6|Ne3
86e0b7f5-7b94-4ae3-97c8-317371622795,80,40,max,Rd7,b7d7,b7,d7,R,Black,8/3r3p/p1r1nkp1/2p2p2/7P/2PPNP2/2K2P2/R3R3,0,0,0,0,0,1,9,9,5,5,0,0,0,0,1,1,2,2,21,21,e4|e5|Nf3|Nc6|Bb5|a6|Ba4|Nf6|O-O|Be7|Re1|b5|Bb3|O-O|h3|Na5|Nxe5|Nxb3|axb3|Bb7|d3|d5|exd5|Qxd5|Qf3|Bd6|Kf1|Rfb8|Qxd5|Nxd5|Bd2|c5|Nf3|Rd8|Nc3|Nb4|Rec1|Rac8|Ne2|Nc6|Be3|Ne7|Bf4|Bxf3|gxf3|Bxf4|Nxf4|Rc6|Re1|Nf5|c3|Nh4|Re3|Kf8|Ng2|Nf5|Re5|g6|Ne1|Ng7|Re4|f5|Re3|Ne6|Ng2|b4|Ke2|Rb8|Kd2|bxc3+|bxc3|Rxb3|Kc2|Rb7|h4|Kf7|Ree1|Kf6|Ne3|Rd7
86e0b7f5-7b94-4ae3-97c8-317371622795,81,41,jhon,Nc4,e3c4,e3,c4,N,White,8/3r3p/p1r1nkp1/2p2p2/2N4P/2PP1P2/2K2P2/R3R3,0,0,0,0,0,1,9,9,5,5,0,0,0,0,1,1,2,2,21,21,e4|e5|Nf3|Nc6|Bb5|a6|Ba4|Nf6|O-O|Be7|Re1|b5|Bb3|O-O|h3|Na5|Nxe5|Nxb3|axb3|Bb7|d3|d5|exd5|Qxd5|Qf3|Bd6|Kf1|Rfb8|Qxd5|Nxd5|Bd2|c5|Nf3|Rd8|Nc3|Nb4|Rec1|Rac8|Ne2|Nc6|Be3|Ne7|Bf4|Bxf3|gxf3|Bxf4|Nxf4|Rc6|Re1|Nf5|c3|Nh4|Re3|Kf8|Ng2|Nf5|Re5|g6|Ne1|Ng7|Re4|f5|Re3|Ne6|Ng2|b4|Ke2|Rb8|Kd2|bxc3+|bxc3|Rxb3|Kc2|Rb7|h4|Kf7|Ree1|Kf6|Ne3|Rd7|Nc4
86e0b7f5-7b94-4ae3-97c8-317371622795,82,41,max,Re7,d7e7,d7,e7,R,Black,8/4r2p/p1r1nkp1/2p2p2/2N4P/2PP1P2/2K2P2/R3R3,0,0,0,0,0,1,9,9,5,5,0,0,0,0,1,1,2,2,21,21,e4|e5|Nf3|Nc6|Bb5|a6|Ba4|Nf6|O-O|Be7|Re1|b5|Bb3|O-O|h3|Na5|Nxe5|Nxb3|axb3|Bb7|d3|d5|exd5|Qxd5|Qf3|Bd6|Kf1|Rfb8|Qxd5|Nxd5|Bd2|c5|Nf3|Rd8|Nc3|Nb4|Rec1|Rac8|Ne2|Nc6|Be3|Ne7|Bf4|Bxf3|gxf3|Bxf4|Nxf4|Rc6|Re1|Nf5|c3|Nh4|Re3|Kf8|Ng2|Nf5|Re5|g6|Ne1|Ng7|Re4|f5|Re3|Ne6|Ng2|b4|Ke2|Rb8|Kd2|bxc3+|bxc3|Rxb3|Kc2|Rb7|h4|Kf7|Ree1|Kf6|Ne3|Rd7|Nc4|Re7
86e0b7f5-7b94-4ae3-97c8-317371622795,83,42,jhon,Ne5,c4e5,c4,e5,N,White,8/4r2p/p1r1nkp1/2p1Np2/7P/2PP1P2/2K2P2/R3R3,0,0,0,0,0,1,9,9,5,5,0,0,0,0,1,1,2,2,21,21,e4|e5|Nf3|Nc6|Bb5|a6|Ba4|Nf6|O-O|Be7|Re1|b5|Bb3|O-O|h3|Na5|Nxe5|Nxb3|axb3|Bb7|d3|d5|exd5|Qxd5|Qf3|Bd6|Kf1|Rfb8|Qxd5|Nxd5|Bd2|c5|Nf3|Rd8|Nc3|Nb4|Rec1|Rac8|Ne2|Nc6|Be3|Ne7|Bf4|Bxf3|gxf3|Bxf4|Nxf4|Rc6|Re1|Nf5|c3|Nh4|Re3|Kf8|Ng2|Nf5|Re5|g6|Ne1|Ng7|Re4|f5|Re3|Ne6|Ng2|b4|Ke2|Rb8|Kd2|bxc3+|bxc3|Rxb3|Kc2|Rb7|h4|Kf7|Ree1|Kf6|Ne3|Rd7|Nc4|Re7|Ne5
86e0b7f5-7b94-4ae3-97c8-317371622795,84,42,max,Rd6,c6d6,c6,d6,R,Black,8/4r2p/p2rnkp1/2p1Np2/7P/2PP1P2/2K2P2/R3R3,0,0,0,0,0,1,9,9,5,5,0,0,0,0,1,1,2,2,21,21,e4|e5|Nf3|Nc6|Bb5|a6|Ba4|Nf6|O-O|Be7|Re1|b5|Bb3|O-O|h3|Na5|Nxe5|Nxb3|axb3|Bb7|d3|d5|exd5|Qxd5|Qf3|Bd6|Kf1|Rfb8|Qxd5|Nxd5|Bd2|c5|Nf3|Rd8|Nc3|Nb4|Rec1|Rac8|Ne2|Nc6|Be3|Ne7|Bf4|Bxf3|gxf3|Bxf4|Nxf4|Rc6|Re1|Nf5|c3|Nh4|Re3|Kf8|Ng2|Nf5|Re5|g6|Ne1|Ng7|Re4|f5|Re3|Ne6|Ng2|b4|Ke2|Rb8|Kd2|bxc3+|bxc3|Rxb3|Kc2|Rb7|h4|Kf7|Ree1|Kf6|Ne3|Rd7|Nc4|Re7|Ne5|Rd6
86e0b7f5-7b94-4ae3-97c8-317371622795,85,43,jhon,Nc4,e5c4,e5,c4,N,White,8/4r2p/p2rnkp1/2p2p2/2N4P/2PP1P2/2K2P2/R3R3,0,0,0,0,0,1,9,9,5,5,0,0,0,0,1,1,2,2,21,21,e4|e5|Nf3|Nc6|Bb5|a6|Ba4|Nf6|O-O|Be7|Re1|b5|Bb3|O-O|h3|Na5|Nxe5|Nxb3|axb3|Bb7|d3|d5|exd5|Qxd5|Qf3|Bd6|Kf1|Rfb8|Qxd5|Nxd5|Bd2|c5|Nf3|Rd8|Nc3|Nb4|Rec1|Rac8|Ne2|Nc6|Be3|Ne7|Bf4|Bxf3|gxf3|Bxf4|Nxf4|Rc6|Re1|Nf5|c3|Nh4|Re3|Kf8|Ng2|Nf5|Re5|g6|Ne1|Ng7|Re4|f5|Re3|Ne6|Ng2|b4|Ke2|Rb8|Kd2|bxc3+|bxc3|Rxb3|Kc2|Rb7|h4|Kf7|Ree1|Kf6|Ne3|Rd7|Nc4|Re7|Ne5|Rd6|Nc4
86e0b7f5-7b94-4ae3-97c8-317371622795,86,43,max,Rc6,d6c6,d6,c6,R,Black,8/4r2p/p1r1nkp1/2p2p2/2N4P/2PP1P2/2K2P2/R3R3,0,0,0,0,0,1,9,9,5,5,0,0,0,0,1,1,2,2,21,21,e4|e5|Nf3|Nc6|Bb5|a6|Ba4|Nf6|O-O|Be7|Re1|b5|Bb3|O-O|h3|Na5|Nxe5|Nxb3|axb3|Bb7|d3|d5|exd5|Qxd5|Qf3|Bd6|Kf1|Rfb8|Qxd5|Nxd5|Bd2|c5|Nf3|Rd8|Nc3|Nb4|Rec1|Rac8|Ne2|Nc6|Be3|Ne7|Bf4|Bxf3|gxf3|Bxf4|Nxf4|Rc6|Re1|Nf5|c3|Nh4|Re3|Kf8|Ng2|Nf5|Re5|g6|Ne1|Ng7|Re4|f5|Re3|Ne6|Ng2|b4|Ke2|Rb8|Kd2|bxc3+|bxc3|Rxb3|Kc2|Rb7|h4|Kf7|Ree1|Kf6|Ne3|Rd7|Nc4|Re7|Ne5|Rd6|Nc4|Rc6
86e0b7f5-7b94-4ae3-97c8-317371622795,87,44,jhon,Ne5,c4e5,c4,e5,N,White,8/4r2p/p1r1nkp1/2p1Np2/7P/2PP1P2/2K2P2/R3R3,0,0,0,1,0,1,9,9,5,5,0,0,0,0,1,1,2,2,21,21,e4|e5|Nf3|Nc6|Bb5|a6|Ba4|Nf6|O-O|Be7|Re1|b5|Bb3|O-O|h3|Na5|Nxe5|Nxb3|axb3|Bb7|d3|d5|exd5|Qxd5|Qf3|Bd6|Kf1|Rfb8|Qxd5|Nxd5|Bd2|c5|Nf3|Rd8|Nc3|Nb4|Rec1|Rac8|Ne2|Nc6|Be3|Ne7|Bf4|Bxf3|gxf3|Bxf4|Nxf4|Rc6|Re1|Nf5|c3|Nh4|Re3|Kf8|Ng2|Nf5|Re5|g6|Ne1|Ng7|Re4|f5|Re3|Ne6|Ng2|b4|Ke2|Rb8|Kd2|bxc3+|bxc3|Rxb3|Kc2|Rb7|h4|Kf7|Ree1|Kf6|Ne3|Rd7|Nc4|Re7|Ne5|Rd6|Nc4|Rc6|Ne5
86e0b7f5-7b94-4ae3-97c8-317371622795,88,44,max,Rd6,c6d6,c6,d6,R,Black,8/4r2p/p2rnkp1/2p1Np2/7P/2PP1P2/2K2P2/R3R3,0,0,0,1,0,1,9,9,5,5,0,0,0,0,1,1,2,2,21,21,e4|e5|Nf3|Nc6|Bb5|a6|Ba4|Nf6|O-O|Be7|Re1|b5|Bb3|O-O|h3|Na5|Nxe5|Nxb3|axb3|Bb7|d3|d5|exd5|Qxd5|Qf3|Bd6|Kf1|Rfb8|Qxd5|Nxd5|Bd2|c5|Nf3|Rd8|Nc3|Nb4|Rec1|Rac8|Ne2|Nc6|Be3|Ne7|Bf4|Bxf3|gxf3|Bxf4|Nxf4|Rc6|Re1|Nf5|c3|Nh4|Re3|Kf8|Ng2|Nf5|Re5|g6|Ne1|Ng7|Re4|f5|Re3|Ne6|Ng2|b4|Ke2|Rb8|Kd2|bxc3+|bxc3|Rxb3|Kc2|Rb7|h4|Kf7|Ree1|Kf6|Ne3|Rd7|Nc4|Re7|Ne5|Rd6|Nc4|Rc6|Ne5|Rd6
86e0b7f5-7b94-4ae3-97c8-317371622795,89,45,jhon,Nc4,e5c4,e5,c4,N,White,8/4r2p/p2rnkp1/2p2p2/2N4P/2PP1P2/2K2P2/R3R3,0,0,0,1,0,1,9,9,5,5,0,0,0,0,1,1,2,2,21,21,e4|e5|Nf3|Nc6|Bb5|a6|Ba4|Nf6|O-O|Be7|Re1|b5|Bb3|O-O|h3|Na5|Nxe5|Nxb3|axb3|Bb7|d3|d5|exd5|Qxd5|Qf3|Bd6|Kf1|Rfb8|Qxd5|Nxd5|Bd2|c5|Nf3|Rd8|Nc3|Nb4|Rec1|Rac8|Ne2|Nc6|Be3|Ne7|Bf4|Bxf3|gxf3|Bxf4|Nxf4|Rc6|Re1|Nf5|c3|Nh4|Re3|Kf8|Ng2|Nf5|Re5|g6|Ne1|Ng7|Re4|f5|Re3|Ne6|Ng2|b4|Ke2|Rb8|Kd2|bxc3+|bxc3|Rxb3|Kc2|Rb7|h4|Kf7|Ree1|Kf6|Ne3|Rd7|Nc4|Re7|Ne5|Rd6|Nc4|Rc6|Ne5|Rd6|Nc4
86e0b7f5-7b94-4ae3-97c8-317371622795,90,45,max,Rd6,d6d8,d6,d8,R,Black,3r4/4r2p/p3nkp1/2p2p2/2N4P/2PP1P2/2K2P2/R3R3,0,0,0,0,0,1,9,9,5,5,0,0,0,0,1,1,2,2,21,21,e4|e5|Nf3|Nc6|Bb5|a6|Ba4|Nf6|O-O|Be7|Re1|b5|Bb3|O-O|h3|Na5|Nxe5|Nxb3|axb3|Bb7|d3|d5|exd5|Qxd5|Qf3|Bd6|Kf1|Rfb8|Qxd5|Nxd5|Bd2|c5|Nf3|Rd8|Nc3|Nb4|Rec1|Rac8|Ne2|Nc6|Be3|Ne7|Bf4|Bxf3|gxf3|Bxf4|Nxf4|Rc6|Re1|Nf5|c3|Nh4|Re3|Kf8|Ng2|Nf5|Re5|g6|Ne1|Ng7|Re4|f5|Re3|Ne6|Ng2|b4|Ke2|Rb8|Kd2|bxc3+|bxc3|Rxb3|Kc2|Rb7|h4|Kf7|Ree1|Kf6|Ne3|Rd7|Nc4|Re7|Ne5|Rd6|Nc4|Rc6|Ne5|Rd6|Nc4|Rd6
86e0b7f5-7b94-4ae3-97c8-317371622795,91,46,jhon,Re1,e1d1,e1,d1,R,White,3r4/4r2p/p3nkp1/2p2p2/2N4P/2PP1P2/2K2P2/R2R4,0,0,0,0,0,1,9,9,5,5,0,0,0,0,1,1,2,2,21,21,e4|e5|Nf3|Nc6|Bb5|a6|Ba4|Nf6|O-O|Be7|Re1|b5|Bb3|O-O|h3|Na5|Nxe5|Nxb3|axb3|Bb7|d3|d5|exd5|Qxd5|Qf3|Bd6|Kf1|Rfb8|Qxd5|Nxd5|Bd2|c5|Nf3|Rd8|Nc3|Nb4|Rec1|Rac8|Ne2|Nc6|Be3|Ne7|Bf4|Bxf3|gxf3|Bxf4|Nxf4|Rc6|Re1|Nf5|c3|Nh4|Re3|Kf8|Ng2|Nf5|Re5|g6|Ne1|Ng7|Re4|f5|Re3|Ne6|Ng2|b4|Ke2|Rb8|Kd2|bxc3+|bxc3|Rxb3|Kc2|Rb7|h4|Kf7|Ree1|Kf6|Ne3|Rd7|Nc4|Re7|Ne5|Rd6|Nc4|Rc6|Ne5|Rd6|Nc4|Rd6|Re1
86e0b7f5-7b94-4ae3-97c8-317371622795,92,46,max,Ne6,e6d4,e6,d4,N,Black,3r4/4r2p/p4kp1/2p2p2/2Nn3P/2PP1P2/2K2P2/R2R4,0,0,0,0,0,1,9,9,5,5,0,0,0,0,1,1,2,2,21,21,e4|e5|Nf3|Nc6|Bb5|a6|Ba4|Nf6|O-O|Be7|Re1|b5|Bb3|O-O|h3|Na5|Nxe5|Nxb3|axb3|Bb7|d3|d5|exd5|Qxd5|Qf3|Bd6|Kf1|Rfb8|Qxd5|Nxd5|Bd2|c5|Nf3|Rd8|Nc3|Nb4|Rec1|Rac8|Ne2|Nc6|Be3|Ne7|Bf4|Bxf3|gxf3|Bxf4|Nxf4|Rc6|Re1|Nf5|c3|Nh4|Re3|Kf8|Ng2|Nf5|Re5|g6|Ne1|Ng7|Re4|f5|Re3|Ne6|Ng2|b4|Ke2|Rb8|Kd2|bxc3+|bxc3|Rxb3|Kc2|Rb7|h4|Kf7|Ree1|Kf6|Ne3|Rd7|Nc4|Re7|Ne5|Rd6|Nc4|Rc6|Ne5|Rd6|Nc4|Rd6|Re1|Ne6
86e0b7f5-7b94-4ae3-97c8-317371622795,93,47,jhon,bxc3,c3d4,c3,d4,P,White,3r4/4r2p/p4kp1/2p2p2/2NP3P/3P1P2/2K2P2/R2R4,0,0,0,0,0,1,9,8,5,5,0,0,0,0,1,0,2,2,21,21,e4|e5|Nf3|Nc6|Bb5|a6|Ba4|Nf6|O-O|Be7|Re1|b5|Bb3|O-O|h3|Na5|Nxe5|Nxb3|axb3|Bb7|d3|d5|exd5|Qxd5|Qf3|Bd6|Kf1|Rfb8|Qxd5|Nxd5|Bd2|c5|Nf3|Rd8|Nc3|Nb4|Rec1|Rac8|Ne2|Nc6|Be3|Ne7|Bf4|Bxf3|gxf3|Bxf4|Nxf4|Rc6|Re1|Nf5|c3|Nh4|Re3|Kf8|Ng2|Nf5|Re5|g6|Ne1|Ng7|Re4|f5|Re3|Ne6|Ng2|b4|Ke2|Rb8|Kd2|bxc3+|bxc3|Rxb3|Kc2|Rb7|h4|Kf7|Ree1|Kf6|Ne3|Rd7|Nc4|Re7|Ne5|Rd6|Nc4|Rc6|Ne5|Rd6|Nc4|Rd6|Re1|bxc3
86e0b7f5-7b94-4ae3-97c8-317371622795,94,47,max,cxd4,c5d4,c5,d4,P,Black,3r4/4r2p/p4kp1/5p2/2Np3P/3P1P2/2K2P2/R2R4,0,0,0,0,0,1,8,8,4,5,0,0,0,0,1,0,2,2,,,e4|e5|Nf3|Nc6|Bb5|a6|Ba4|Nf6|O-O|Be7|Re1|b5|Bb3|O-O|h3|Na5|Nxe5|Nxb3|axb3|Bb7|d3|d5|exd5|Qxd5|Qf3|Bd6|Kf1|Rfb8|Qxd5|Nxd5|Bd2|c5|Nf3|Rd8|Nc3|Nb4|Rec1|Rac8|Ne2|Nc6|Be3|Ne7|Bf4|Bxf3|gxf3|Bxf4|Nxf4|Rc6|Re1|Nf5|c3|Nh4|Re3|Kf8|Ng2|Nf5|Re5|g6|Ne1|Ng7|Re4|f5|Re3|Ne6|Ng2|b4|Ke2|Rb8|Kd2|bxc3+|bxc3|Rxb3|Kc2|Rb7|h4|Kf7|Ree1|Kf6|Ne3|Rd7|Nc4|Re7|Ne5|Rd6|Nc4|Rc6|Ne5|Rd6|Nc4|Rd6|Re1|cxd4
86e0b7f5-7b94-4ae3-97c8-317371622795,95,48,jhon,Rxa6+,a1a6,a1,a6,R,White,3r4/4r2p/R4kp1/5p2/2Np3P/3P1P2/2K2P2/3R4,1,0,0,0,0,1,8,7,4,4,0,0,0,0,1,0,2,2,,,e4|e5|Nf3|Nc6|Bb5|a6|Ba4|Nf6|O-O|Be7|Re1|b5|Bb3|O-O|h3|Na5|Nxe5|Nxb3|axb3|Bb7|d3|d5|exd5|Qxd5|Qf3|Bd6|Kf1|Rfb8|Qxd5|Nxd5|Bd2|c5|Nf3|Rd8|Nc3|Nb4|Rec1|Rac8|Ne2|Nc6|Be3|Ne7|Bf4|Bxf3|gxf3|Bxf4|Nxf4|Rc6|Re1|Nf5|c3|Nh4|Re3|Kf8|Ng2|Nf5|Re5|g6|Ne1|Ng7|Re4|f5|Re3|Ne6|Ng2|b4|Ke2|Rb8|Kd2|bxc3+|bxc3|Rxb3|Kc2|Rb7|h4|Kf7|Ree1|Kf6|Ne3|Rd7|Nc4|Re7|Ne5|Rd6|Nc4|Rc6|Ne5|Rd6|Nc4|Rd6|Re1|cxd4|Rxa6+
86e0b7f5-7b94-4ae3-97c8-317371622795,96,48,max,Kf7,f6f7,f6,f7,K,Black,3r4/4rk1p/R5p1/5p2/2Np3P/3P1P2/2K2P2/3R4,0,0,0,0,0,1,8,7,4,4,0,0,0,0,1,0,2,2,,,e4|e5|Nf3|Nc6|Bb5|a6|Ba4|Nf6|O-O|Be7|Re1|b5|Bb3|O-O|h3|Na5|Nxe5|Nxb3|axb3|Bb7|d3|d5|exd5|Qxd5|Qf3|Bd6|Kf1|Rfb8|Qxd5|Nxd5|Bd2|c5|Nf3|Rd8|Nc3|Nb4|Rec1|Rac8|Ne2|Nc6|Be3|Ne7|Bf4|Bxf3|gxf3|Bxf4|Nxf4|Rc6|Re1|Nf5|c3|Nh4|Re3|Kf8|Ng2|Nf5|Re5|g6|Ne1|Ng7|Re4|f5|Re3|Ne6|Ng2|b4|Ke2|Rb8|Kd2|bxc3+|bxc3|Rxb3|Kc2|Rb7|h4|Kf7|Ree1|Kf6|Ne3|Rd7|Nc4|Re7|Ne5|Rd6|Nc4|Rc6|Ne5|Rd6|Nc4|Rd6|Re1|cxd4|Rxa6+|Kf7
86e0b7f5-7b94-4ae3-97c8-317371622795,97,49,jhon,f4,f3f4,f3,f4,P,White,3r4/4rk1p/R5p1/5p2/2Np1P1P/3P4/2K2P2/3R4,0,0,0,0,0,1,8,7,4,4,0,0,0,0,1,0,2,2,,,e4|e5|Nf3|Nc6|Bb5|a6|Ba4|Nf6|O-O|Be7|Re1|b5|Bb3|O-O|h3|Na5|Nxe5|Nxb3|axb3|Bb7|d3|d5|exd5|Qxd5|Qf3|Bd6|Kf1|Rfb8|Qxd5|Nxd5|Bd2|c5|Nf3|Rd8|Nc3|Nb4|Rec1|Rac8|Ne2|Nc6|Be3|Ne7|Bf4|Bxf3|gxf3|Bxf4|Nxf4|Rc6|Re1|Nf5|c3|Nh4|Re3|Kf8|Ng2|Nf5|Re5|g6|Ne1|Ng7|Re4|f5|Re3|Ne6|Ng2|b4|Ke2|Rb8|Kd2|bxc3+|bxc3|Rxb3|Kc2|Rb7|h4|Kf7|Ree1|Kf6|Ne3|Rd7|Nc4|Re7|Ne5|Rd6|Nc4|Rc6|Ne5|Rd6|Nc4|Rd6|Re1|cxd4|Rxa6+|Kf7|f4
86e0b7f5-7b94-4ae3-97c8-317371622795,98,49,max,Rb7,e7b7,e7,b7,R,Black,3r4/1r3k1p/R5p1/5p2/2Np1P1P/3P4/2K2P2/3R4,0,0,0,0,0,1,8,7,4,4,0,0,0,0,1,0,2,2,,,e4|e5|Nf3|Nc6|Bb5|a6|Ba4|Nf6|O-O|Be7|Re1|b5|Bb3|O-O|h3|Na5|Nxe5|Nxb3|axb3|Bb7|d3|d5|exd5|Qxd5|Qf3|Bd6|Kf1|Rfb8|Qxd5|Nxd5|Bd2|c5|Nf3|Rd8|Nc3|Nb4|Rec1|Rac8|Ne2|Nc6|Be3|Ne7|Bf4|Bxf3|gxf3|Bxf4|Nxf4|Rc6|Re1|Nf5|c3|Nh4|Re3|Kf8|Ng2|Nf5|Re5|g6|Ne1|Ng7|Re4|f5|Re3|Ne6|Ng2|b4|Ke2|Rb8|Kd2|bxc3+|bxc3|Rxb3|Kc2|Rb7|h4|Kf7|Ree1|Kf6|Ne3|Rd7|Nc4|Re7|Ne5|Rd6|Nc4|Rc6|Ne5|Rd6|Nc4|Rd6|Re1|cxd4|Rxa6+|Kf7|f4|Rb7
86e0b7f5-7b94-4ae3-97c8-317371622795,99,50,jhon,Nd6+,c4d6,c4,d6,N,White,3r4/1r3k1p/R2N2p1/5p2/3p1P1P/3P4/2K2P2/3R4,1,0,0,0,0,1,8,7,4,4,0,0,0,0,1,0,2,2,,,e4|e5|Nf3|Nc6|Bb5|a6|Ba4|Nf6|O-O|Be7|Re1|b5|Bb3|O-O|h3|Na5|Nxe5|Nxb3|axb3|Bb7|d3|d5|exd5|Qxd5|Qf3|Bd6|Kf1|Rfb8|Qxd5|Nxd5|Bd2|c5|Nf3|Rd8|Nc3|Nb4|Rec1|Rac8|Ne2|Nc6|Be3|Ne7|Bf4|Bxf3|gxf3|Bxf4|Nxf4|Rc6|Re1|Nf5|c3|Nh4|Re3|Kf8|Ng2|Nf5|Re5|g6|Ne1|Ng7|Re4|f5|Re3|Ne6|Ng2|b4|Ke2|Rb8|Kd2|bxc3+|bxc3|Rxb3|Kc2|Rb7|h4|Kf7|Ree1|Kf6|Ne3|Rd7|Nc4|Re7|Ne5|Rd6|Nc4|Rc6|Ne5|Rd6|Nc4|Rd6|Re1|cxd4|Rxa6+|Kf7|f4|Rb7|Nd6+
86e0b7f5-7b94-4ae3-97c8-317371622795,100,50,max,Ke7,f7e7,f7,e7,K,Black,3r4/1r2k2p/R2N2p1/5p2/3p1P1P/3P4/2K2P2/3R4,0,0,0,0,0,1,8,7,4,4,0,0,0,0,1,0,2,2,,,e4|e5|Nf3|Nc6|Bb5|a6|Ba4|Nf6|O-O|Be7|Re1|b5|Bb3|O-O|h3|Na5|Nxe5|Nxb3|axb3|Bb7|d3|d5|exd5|Qxd5|Qf3|Bd6|Kf1|Rfb8|Qxd5|Nxd5|Bd2|c5|Nf3|Rd8|Nc3|Nb4|Rec1|Rac8|Ne2|Nc6|Be3|Ne7|Bf4|Bxf3|gxf3|Bxf4|Nxf4|Rc6|Re1|Nf5|c3|Nh4|Re3|Kf8|Ng2|Nf5|Re5|g6|Ne1|Ng7|Re4|f5|Re3|Ne6|Ng2|b4|Ke2|Rb8|Kd2|bxc3+|bxc3|Rxb3|Kc2|Rb7|h4|Kf7|Ree1|Kf6|Ne3|Rd7|Nc4|Re7|Ne5|Rd6|Nc4|Rc6|Ne5|Rd6|Nc4|Rd6|Re1|cxd4|Rxa6+|Kf7|f4|Rb7|Nd6+|Ke7
86e0b7f5-7b94-4ae3-97c8-317371622795,101,51,jhon,Nb7,d6b7,d6,b7,N,White,3r4/1N2k2p/R5p1/5p2/3p1P1P/3P4/2K2P2/3R4,0,0,0,0,0,1,8,6,4,4,0,0,0,0,1,0,2,1,,,e4|e5|Nf3|Nc6|Bb5|a6|Ba4|Nf6|O-O|Be7|Re1|b5|Bb3|O-O|h3|Na5|Nxe5|Nxb3|axb3|Bb7|d3|d5|exd5|Qxd5|Qf3|Bd6|Kf1|Rfb8|Qxd5|Nxd5|Bd2|c5|Nf3|Rd8|Nc3|Nb4|Rec1|Rac8|Ne2|Nc6|Be3|Ne7|Bf4|Bxf3|gxf3|Bxf4|Nxf4|Rc6|Re1|Nf5|c3|Nh4|Re3|Kf8|Ng2|Nf5|Re5|g6|Ne1|Ng7|Re4|f5|Re3|Ne6|Ng2|b4|Ke2|Rb8|Kd2|bxc3+|bxc3|Rxb3|Kc2|Rb7|h4|Kf7|Ree1|Kf6|Ne3|Rd7|Nc4|Re7|Ne5|Rd6|Nc4|Rc6|Ne5|Rd6|Nc4|Rd6|Re1|cxd4|Rxa6+|Kf7|f4|Rb7|Nd6+|Ke7|Nb7
86e0b7f5-7b94-4ae3-97c8-317371622795,102,51,max,Kf8,e7f8,e7,f8,K,Black,3r1k2/1N5p/R5p1/5p2/3p1P1P/3P4/2K2P2/3R4,0,0,0,0,0,1,8,6,4,4,0,0,0,0,1,0,2,1,,,e4|e5|Nf3|Nc6|Bb5|a6|Ba4|Nf6|O-O|Be7|Re1|b5|Bb3|O-O|h3|Na5|Nxe5|Nxb3|axb3|Bb7|d3|d5|exd5|Qxd5|Qf3|Bd6|Kf1|Rfb8|Qxd5|Nxd5|Bd2|c5|Nf3|Rd8|Nc3|Nb4|Rec1|Rac8|Ne2|Nc6|Be3|Ne7|Bf4|Bxf3|gxf3|Bxf4|Nxf4|Rc6|Re1|Nf5|c3|Nh4|Re3|Kf8|Ng2|Nf5|Re5|g6|Ne1|Ng7|Re4|f5|Re3|Ne6|Ng2|b4|Ke2|Rb8|Kd2|bxc3+|bxc3|Rxb3|Kc2|Rb7|h4|Kf7|Ree1|Kf6|Ne3|Rd7|Nc4|Re7|Ne5|Rd6|Nc4|Rc6|Ne5|Rd6|Nc4|Rd6|Re1|cxd4|Rxa6+|Kf7|f4|Rb7|Nd6+|Ke7|Nb7|Kf8
86e0b7f5-7b94-4ae3-97c8-317371622795,103,52,jhon,Nxd8,b7d8,b7,d8,N,White,3N1k2/7p/R5p1/5p2/3p1P1P/3P4/2K2P2/3R4,0,0,0,0,0,1,8,5,4,4,0,0,0,0,1,0,2,0,,,e4|e5|Nf3|Nc6|Bb5|a6|Ba4|Nf6|O-O|Be7|Re1|b5|Bb3|O-O|h3|Na5|Nxe5|Nxb3|axb3|Bb7|d3|d5|exd5|Qxd5|Qf3|Bd6|Kf1|Rfb8|Qxd5|Nxd5|Bd2|c5|Nf3|Rd8|Nc3|Nb4|Rec1|Rac8|Ne2|Nc6|Be3|Ne7|Bf4|Bxf3|gxf3|Bxf4|Nxf4|Rc6|Re1|Nf5|c3|Nh4|Re3|Kf8|Ng2|Nf5|Re5|g6|Ne1|Ng7|Re4|f5|Re3|Ne6|Ng2|b4|Ke2|Rb8|Kd2|bxc3+|bxc3|Rxb3|Kc2|Rb7|h4|Kf7|Ree1|Kf6|Ne3|Rd7|Nc4|Re7|Ne5|Rd6|Nc4|Rc6|Ne5|Rd6|Nc4|Rd6|Re1|cxd4|Rxa6+|Kf7|f4|Rb7|Nd6+|Ke7|Nb7|Kf8|Nxd8
86e0b7f5-7b94-4ae3-97c8-317371622795,104,52,max,h5,h7h5,h7,h5,P,Black,3N1k2/8/R5p1/5p1p/3p1P1P/3P4/2K2P2/3R4,0,0,0,0,0,1,8,5,4,4,0,0,0,0,1,0,2,0,,,e4|e5|Nf3|Nc6|Bb5|a6|Ba4|Nf6|O-O|Be7|Re1|b5|Bb3|O-O|h3|Na5|Nxe5|Nxb3|axb3|Bb7|d3|d5|exd5|Qxd5|Qf3|Bd6|Kf1|Rfb8|Qxd5|Nxd5|Bd2|c5|Nf3|Rd8|Nc3|Nb4|Rec1|Rac8|Ne2|Nc6|Be3|Ne7|Bf4|Bxf3|gxf3|Bxf4|Nxf4|Rc6|Re1|Nf5|c3|Nh4|Re3|Kf8|Ng2|Nf5|Re5|g6|Ne1|Ng7|Re4|f5|Re3|Ne6|Ng2|b4|Ke2|Rb8|Kd2|bxc3+|bxc3|Rxb3|Kc2|Rb7|h4|Kf7|Ree1|Kf6|Ne3|Rd7|Nc4|Re7|Ne5|Rd6|Nc4|Rc6|Ne5|Rd6|Nc4|Rd6|Re1|cxd4|Rxa6+|Kf7|f4|Rb7|Nd6+|Ke7|Nb7|Kf8|Nxd8|h5
86e0b7f5-7b94-4ae3-97c8-317371622795,105,53,jhon,Ne6+,d8e6,d8,e6,N,White,5k2/8/R3N1p1/5p1p/3p1P1P/3P4/2K2P2/3R4,1,0,0,0,0,1,8,5,4,4,0,0,0,0,1,0,2,0,,,e4|e5|Nf3|Nc6|Bb5|a6|Ba4|Nf6|O-O|Be7|Re1|b5|Bb3|O-O|h3|Na5|Nxe5|Nxb3|axb3|Bb7|d3|d5|exd5|Qxd5|Qf3|Bd6|Kf1|Rfb8|Qxd5|Nxd5|Bd2|c5|Nf3|Rd8|Nc3|Nb4|Rec1|Rac8|Ne2|Nc6|Be3|Ne7|Bf4|Bxf3|gxf3|Bxf4|Nxf4|Rc6|Re1|Nf5|c3|Nh4|Re3|Kf8|Ng2|Nf5|Re5|g6|Ne1|Ng7|Re4|f5|Re3|Ne6|Ng2|b4|Ke2|Rb8|Kd2|bxc3+|bxc3|Rxb3|Kc2|Rb7|h4|Kf7|Ree1|Kf6|Ne3|Rd7|Nc4|Re7|Ne5|Rd6|Nc4|Rc6|Ne5|Rd6|Nc4|Rd6|Re1|cxd4|Rxa6+|Kf7|f4|Rb7|Nd6+|Ke7|Nb7|Kf8|Nxd8|h5|Ne6+
86e0b7f5-7b94-4ae3-97c8-317371622795,106,53,max,Ke7,f8e7,f8,e7,K,Black,8/4k3/R3N1p1/5p1p/3p1P1P/3P4/2K2P2/3R4,0,0,0,0,0,1,8,5,4,4,0,0,0,0,1,0,2,0,,,e4|e5|Nf3|Nc6|Bb5|a6|Ba4|Nf6|O-O|Be7|Re1|b5|Bb3|O-O|h3|Na5|Nxe5|Nxb3|axb3|Bb7|d3|d5|exd5|Qxd5|Qf3|Bd6|Kf1|Rfb8|Qxd5|Nxd5|Bd2|c5|Nf3|Rd8|Nc3|Nb4|Rec1|Rac8|Ne2|Nc6|Be3|Ne7|Bf4|Bxf3|gxf3|Bxf4|Nxf4|Rc6|Re1|Nf5|c3|Nh4|Re3|Kf8|Ng2|Nf5|Re5|g6|Ne1|Ng7|Re4|f5|Re3|Ne6|Ng2|b4|Ke2|Rb8|Kd2|bxc3+|bxc3|Rxb3|Kc2|Rb7|h4|Kf7|Ree1|Kf6|Ne3|Rd7|Nc4|Re7|Ne5|Rd6|Nc4|Rc6|Ne5|Rd6|Nc4|Rd6|Re1|cxd4|Rxa6+|Kf7|f4|Rb7|Nd6+|Ke7|Nb7|Kf8|Nxd8|h5|Ne6+|Ke7
86e0b7f5-7b94-4ae3-97c8-317371622795,107,54,jhon,Rb1,d1b1,d1,b1,R,White,8/4k3/R3N1p1/5p1p/3p1P1P/3P4/2K2P2/1R6,0,0,0,0,0,1,8,5,4,4,0,0,0,0,1,0,2,0,,,e4|e5|Nf3|Nc6|Bb5|a6|Ba4|Nf6|O-O|Be7|Re1|b5|Bb3|O-O|h3|Na5|Nxe5|Nxb3|axb3|Bb7|d3|d5|exd5|Qxd5|Qf3|Bd6|Kf1|Rfb8|Qxd5|Nxd5|Bd2|c5|Nf3|Rd8|Nc3|Nb4|Rec1|Rac8|Ne2|Nc6|Be3|Ne7|Bf4|Bxf3|gxf3|Bxf4|Nxf4|Rc6|Re1|Nf5|c3|Nh4|Re3|Kf8|Ng2|Nf5|Re5|g6|Ne1|Ng7|Re4|f5|Re3|Ne6|Ng2|b4|Ke2|Rb8|Kd2|bxc3+|bxc3|Rxb3|Kc2|Rb7|h4|Kf7|Ree1|Kf6|Ne3|Rd7|Nc4|Re7|Ne5|Rd6|Nc4|Rc6|Ne5|Rd6|Nc4|Rd6|Re1|cxd4|Rxa6+|Kf7|f4|Rb7|Nd6+|Ke7|Nb7|Kf8|Nxd8|h5|Ne6+|Ke7|Rb1
86e0b7f5-7b94-4ae3-97c8-317371622795,108,54,max,g5,g6g5,g6,g5,P,Black,8/4k3/R3N3/5ppp/3p1P1P/3P4/2K2P2/1R6,0,0,0,0,0,1,8,5,4,4,0,0,0,0,1,0,2,0,,,e4|e5|Nf3|Nc6|Bb5|a6|Ba4|Nf6|O-O|Be7|Re1|b5|Bb3|O-O|h3|Na5|Nxe5|Nxb3|axb3|Bb7|d3|d5|exd5|Qxd5|Qf3|Bd6|Kf1|Rfb8|Qxd5|Nxd5|Bd2|c5|Nf3|Rd8|Nc3|Nb4|Rec1|Rac8|Ne2|Nc6|Be3|Ne7|Bf4|Bxf3|gxf3|Bxf4|Nxf4|Rc6|Re1|Nf5|c3|Nh4|Re3|Kf8|Ng2|Nf5|Re5|g6|Ne1|Ng7|Re4|f5|Re3|Ne6|Ng2|b4|Ke2|Rb8|Kd2|bxc3+|bxc3|Rxb3|Kc2|Rb7|h4|Kf7|Ree1|Kf6|Ne3|Rd7|Nc4|Re7|Ne5|Rd6|Nc4|Rc6|Ne5|Rd6|Nc4|Rd6|Re1|cxd4|Rxa6+|Kf7|f4|Rb7|Nd6+|Ke7|Nb7|Kf8|Nxd8|h5|Ne6+|Ke7|Rb1|g5
86e0b7f5-7b94-4ae3-97c8-317371622795,109,55,jhon,Rb7+,b1b7,b1,b7,R,White,8/1R2k3/R3N3/5ppp/3p1P1P/3P4/2K2P2/8,1,0,0,0,0,1,8,5,4,4,0,0,0,0,1,0,2,0,,,e4|e5|Nf3|Nc6|Bb5|a6|Ba4|Nf6|O-O|Be7|Re1|b5|Bb3|O-O|h3|Na5|Nxe5|Nxb3|axb3|Bb7|d3|d5|exd5|Qxd5|Qf3|Bd6|Kf1|Rfb8|Qxd5|Nxd5|Bd2|c5|Nf3|Rd8|Nc3|Nb4|Rec1|Rac8|Ne2|Nc6|Be3|Ne7|Bf4|Bxf3|gxf3|Bxf4|Nxf4|Rc6|Re1|Nf5|c3|Nh4|Re3|Kf8|Ng2|Nf5|Re5|g6|Ne1|Ng7|Re4|f5|Re3|Ne6|Ng2|b4|Ke2|Rb8|Kd2|bxc3+|bxc3|Rxb3|Kc2|Rb7|h4|Kf7|Ree1|Kf6|Ne3|Rd7|Nc4|Re7|Ne5|Rd6|Nc4|Rc6|Ne5|Rd6|Nc4|Rd6|Re1|cxd4|Rxa6+|Kf7|f4|Rb7|Nd6+|Ke7|Nb7|Kf8|Nxd8|h5|Ne6+|Ke7|Rb1|g5|Rb7+
86e0b7f5-7b94-4ae3-97c8-317371622795,110,55,max,Ke8,e7e8,e7,e8,K,Black,4k3/1R6/R3N3/5ppp/3p1P1P/3P4/2K2P2/8,0,0,0,0,0,1,8,5,4,4,0,0,0,0,1,0,2,0,,,e4|e5|Nf3|Nc6|Bb5|a6|Ba4|Nf6|O-O|Be7|Re1|b5|Bb3|O-O|h3|Na5|Nxe5|Nxb3|axb3|Bb7|d3|d5|exd5|Qxd5|Qf3|Bd6|Kf1|Rfb8|Qxd5|Nxd5|Bd2|c5|Nf3|Rd8|Nc3|Nb4|Rec1|Rac8|Ne2|Nc6|Be3|Ne7|Bf4|Bxf3|gxf3|Bxf4|Nxf4|Rc6|Re1|Nf5|c3|Nh4|Re3|Kf8|Ng2|Nf5|Re5|g6|Ne1|Ng7|Re4|f5|Re3|Ne6|Ng2|b4|Ke2|Rb8|Kd2|bxc3+|bxc3|Rxb3|Kc2|Rb7|h4|Kf7|Ree1|Kf6|Ne3|Rd7|Nc4|Re7|Ne5|Rd6|Nc4|Rc6|Ne5|Rd6|Nc4|Rd6|Re1|cxd4|Rxa6+|Kf7|f4|Rb7|Nd6+|Ke7|Nb7|Kf8|Nxd8|h5|Ne6+|Ke7|Rb1|g5|Rb7+|Ke8
86e0b7f5-7b94-4ae3-97c8-317371622795,111,56,jhon,kx#,a6a8,a6,a8,R,White,R3k3/1R6/R3N3/5ppp/3p1P1P/3P4/2K2P2/8,1,1,0,0,0,1,8,5,4,4,0,0,0,0,1,0,2,0,,,e4|e5|Nf3|Nc6|Bb5|a6|Ba4|Nf6|O-O|Be7|Re1|b5|Bb3|O-O|h3|Na5|Nxe5|Nxb3|axb3|Bb7|d3|d5|exd5|Qxd5|Qf3|Bd6|Kf1|Rfb8|Qxd5|Nxd5|Bd2|c5|Nf3|Rd8|Nc3|Nb4|Rec1|Rac8|Ne2|Nc6|Be3|Ne7|Bf4|Bxf3|gxf3|Bxf4|Nxf4|Rc6|Re1|Nf5|c3|Nh4|Re3|Kf8|Ng2|Nf5|Re5|g6|Ne1|Ng7|Re4|f5|Re3|Ne6|Ng2|b4|Ke2|Rb8|Kd2|bxc3+|bxc3|Rxb3|Kc2|Rb7|h4|Kf7|Ree1|Kf6|Ne3|Rd7|Nc4|Re7|Ne5|Rd6|Nc4|Rc6|Ne5|Rd6|Nc4|Rd6|Re1|cxd4|Rxa6+|Kf7|f4|Rb7|Nd6+|Ke7|Nb7|Kf8|Nxd8|h5|Ne6+|Ke7|Rb1|g5|Rb7+|Ke8|kx#
